Workbook
Name Extension: DATA!$F$4:$F$7
Name Instruction: DATA!$D$4:$D$7
Name Production: DATA!$G$4:$G$7
Name Rank: DATA!$C$4:$C$7
Name Rank_Link: DATA!$B$4
Name Research: DATA!$E$4:$E$7
Name SubRank: DATA!$K$2:$K$7
Name SubRank_Link: DATA!$I$3

Sheet Faculty
A7: TEACHING EFFICIENCY RATING (TER) SCALE FORM
A9: Instructor: | C9: =TI!DC6 -> , | L9: Rating Period: | O9: =Entry!D7 -> 0
A10: College: | C10: =Entry!D19 -> 0 | L10: Department: | O10: =Entry!D20 -> 0
A12: I. PERFORMANCE 70% | H12: RATING | K12: RATING | O12: RATING | S12: POINT
K13: EQUIVALENT | O13: PERCENTAGE | S13: SCORE
A14: 1. Instruction (55%)
A15: a.) | B15: Student as Rater | H15: =TI!DJ36 -> #DIV/0! | K15: =H15*0.1 -> #DIV/0! | O15: 0.2 | S15: =K15*0.2 -> #DIV/0!
A16: b.) | B16: Peer as Rater | H16: =TI!MO36 -> #DIV/0! | K16: =H16*0.1 -> #DIV/0! | O16: 0.1 | S16: =K16*0.1 -> #DIV/0!
A17: c.) | B17: Dean as Rater | H17: =TI!U69 -> 0 | K17: =H17*0.1 -> 0 | O17: 0.15 | S17: =K17*0.15 -> 0
A18: d.) | B18: Self as Rater | H18: =TI!I69 -> 0 | K18: =H18*0.1 -> 0 | O18: 0.1 | S18: =K18*0.1 -> 0
A20: 2. Research | O20: 0.05
A21: 3. Extension Service | O21: 0.05
A22: 4. Productivity | O22: 0.05
A24: II. BEHAVIOR: 30%
A26: 1. Courtesy | K26: 10 | O26: 0.075 | S26: =K26*0.075 -> 0.75
A27: 2. Human Relations | K27: 10 | O27: 0.075 | S27: =K27*0.075 -> 0.75
A28: 3. Punctuality and Attendance | K28: 8 | O28: 0.075 | S28: =K28*0.075 -> 0.6
A29: 4, Initiative | K29: 10 | O29: 0.075 | S29: =K29*0.075 -> 0.75
A30: 5. Leadership (for Supervisors only) | O30: 0.05
A31: 6. Stress Tolerance (for Supervisors only) | O31: 0.05
A33: For full time Instructor - Items 1-4 onlyn at 7.5% per item
A34: For Supervisors - Item 1-6 at 5% per item
A36: PLUS FACTOR (not to exceed one (1) credit point)
K37: Overall Point Score | S37: =SUM(S15:T36) -> #DIV/0!
K38: Equivalent Numerical Rating | S38: =S37 -> #DIV/0!
K39: Equivalent Adjective Rating | S39: VS
A40: Descriptive Equivalent of Numerical Ratings:
C42: 9.3 & Above - Outstanding (O) | M42: DISCUSSED RATING WITH:
C43: 7.5 - 9.2 - Very Satisfactory (VS)
C44: 5.0 - 7.4 - Satisfactory (S) | M44: =TI!DC6 -> ,
C45: 3.0 - 4.9 - Unsatisfactory (US) | M45: Signature of Ratee/Date
C46: 2.0 - 2.9 - Poor (P)
A48: EMPLOYEE'S COMMENTS/REMARKS:
A49: ________________________________________ | M49: =Entry!D23 -> DANIEL E. MALIGAT, JR., DIT
A50: ________________________________________ | M50: Signature of Rater/Date
A51: ________________________________________
A52: RATER'S COMMENTS/REMARKS
A53: ________________________________________ | L53: DOLORES C. VOLANTE, Ed.D
A54: ________________________________________ | L54: Signature of Rater's Supervisor/Date
A55: ________________________________________
A56: Performance Evaluation System for Teaching Personnel

Sheet Entry
B1: Republic of the Philippines
A2: Engr. JAMIN E. SANTIAGO | B2: CAMARINES NORTE STATE COLLEGE
A3: 38873 | B3: Daet, Camarines Norte
A4: version 4
B7: RATING PERIOD
B12: SURNAME
B13: FIRST NAME
B14: MI
B16: PRESENT RANK
B18: SUB-RANK
B19: COLLEGE UNIT
B20: DEPARTMENT
B23: SUPERVISOR | D23: DANIEL E. MALIGAT, JR., DIT
B24: DESIGNATION | D24: DEAN
B31: Notes: | D31: There must be at least 5 peers.
D32: Perfect scores (100) for self, peer, and supervisor must be justified.

Sheet TI
B1: Republic of the Philippines
B2: CAMARINES NORTE STATE COLLEGE
B3: Daet, Camarines Norte
B5: TEACHING EFFECTIVENESS RATING
B6: Name of Faculty: | DC6: =Entry!D12 & ", " &Entry!D13 & " " &Entry!D14 -> , | MB6: Rating Period: | MG6: =Entry!D7 -> 0
B8: A. STUDENT AS RATER | DJ8: =AE43 -> 0.25 | MC8: B. PEER AS RATER | MO8: =AG43 -> 0.25
C9: Ave. | D9: Rank | DC9: 3 | MD9: Ave. | ME9: Rank | MG9: Peer No.
D10: Group | E10: All | F10: 1 | G10: 2 | H10: 3 | I10: 4 | J10: 5 | K10: 6 | L10: 7 | M10: 8 | N10: 9 | O10: 10 | P10: 11 | Q10: 12 | R10: 13 | S10: 14 | T10: 15 | U10: 16 | V10: 17 | W10: 18 | X10: 19 | Y10: 20 | Z10: 21 | AA10: 22 | AB10: 23 | AC10: 24 | AD10: 25 | AE10: 26 | AF10: 27 | AG10: 28 | AH10: 29 | AI10: 30 | AJ10: 31 | AK10: 32 | AL10: 33 | AM10: 34 | AN10: 35 | AO10: 36 | AP10: 37 | AQ10: 38 | AR10: 39 | AS10: 40 | AT10: 41 | AU10: 42 | AV10: 43 | AW10: 44 | AX10: 45 | AY10: 46 | AZ10: 47 | BA10: 48 | BB10: 49 | BC10: 50 | BD10: 51 | BE10: 52 | BF10: 53 | BG10: 54 | BH10: 55 | BI10: 56 | BJ10: 57 | BK10: 58 | BL10: 59 | BM10: 60 | BN10: 61 | BO10: 62 | BP10: 63 | BQ10: 64 | BR10: 65 | BS10: 66 | BT10: 67 | BU10: 68 | BV10: 69 | BW10: 70 | BX10: 71 | BY10: 72 | BZ10: 73 | CA10: 74 | CB10: 75 | CC10: 76 | CD10: 77 | CE10: 78 | CF10: 79 | CG10: 80 | CH10: 81 | CI10: 82 | CJ10: 83 | CK10: 84 | CL10: 85 | CM10: 86 | CN10: 87 | CO10: 88 | CP10: 89 | CQ10: 90 | CR10: 91 | CS10: 92 | CT10: 93 | CU10: 94 | CV10: 95 | CW10: 96 | CX10: 97 | CY10: 98 | CZ10: 99 | DA10: 100 | DB10: 101 | DC10: 102 | DD10: 103 | DE10: 104 | DF10: 105 | DG10: 106 | DH10: 107 | DI10: 108 | DJ10: 109 | DK10: 110 | DL10: 111 | DM10: 112 | DN10: 113 | DO10: 114 | DP10: 115 | DQ10: 116 | DR10: 117 | DS10: 118 | DT10: 119 | DU10: 120 | DV10: 121 | DW10: 122 | DX10: 123 | DY10: 124 | DZ10: 125 | EA10: 126 | EB10: 127 | EC10: 128 | ED10: 129 | EE10: 130 | EF10: 131 | EG10: 132 | EH10: 133 | EI10: 134 | EJ10: 135 | EK10: 136 | EL10: 137 | EM10: 138 | EN10: 139 | EO10: 140 | EP10: 141 | EQ10: 142 | ER10: 143 | ES10: 144 | ET10: 145 | EU10: 146 | EV10: 147 | EW10: 148 | EX10: 149 | EY10: 150 | EZ10: 151 | FA10: 152 | FB10: 153 | FC10: 154 | FD10: 155 | FE10: 156 | FF10: 157 | FG10: 158 | FH10: 159 | FI10: 160 | FJ10: 161 | FK10: 162 | FL10: 163 | FM10: 164 | FN10: 165 | FO10: 166 | FP10: 167 | FQ10: 168 | FR10: 169 | FS10: 170 | FT10: 171 | FU10: 172 | FV10: 173 | FW10: 174 | FX10: 175 | FY10: 176 | FZ10: 177 | GA10: 178 | GB10: 179 | GC10: 180 | GD10: 181 | GE10: 182 | GF10: 183 | GG10: 184 | GH10: 185 | GI10: 186 | GJ10: 187 | GK10: 188 | GL10: 189 | GM10: 190 | GN10: 191 | GO10: 192 | GP10: 193 | GQ10: 194 | GR10: 195 | GS10: 196 | GT10: 197 | GU10: 198 | GV10: 199 | GW10: 200 | GX10: 201 | GY10: 202 | GZ10: 203 | HA10: 204 | HB10: 205 | HC10: 206 | HD10: 207 | HE10: 208 | HF10: 209 | HG10: 210 | HH10: 211 | HI10: 212 | HJ10: 213 | HK10: 214 | HL10: 215 | HM10: 216 | HN10: 217 | HO10: 218 | HP10: 219 | HQ10: 220 | HR10: 221 | HS10: 222 | HT10: 223 | HU10: 224 | HV10: 225 | HW10: 226 | HX10: 227 | HY10: 228 | HZ10: 229 | IA10: 230 | IB10: 231 | ME10: Group | MF10: All | MG10: 1 | MH10: 2 | MI10: 3 | MJ10: 4 | MK10: 5 | ML10: 6 | MM10: 7 | MN10: 8 | MO10: 9 | MP10: 10 | MQ10: 11 | MR10: 12 | MS10: 13 | MT10: 14
B11: I. Commitment | DH11: =AI44 -> 0.25 | DJ11: =SUM(C12:C16) -> #DIV/0! | MC11: I. Commitment | MM11: =AI44 -> 0.25 | MO11: =SUM(MD12:MD16) -> #DIV/0! | MP11: =AVERAGE(MF12:MF16) -> #DIV/0!
C12: =AVERAGE(F12:IM12) -> #DIV/0! | D12: =RANK(C12,$C$12:$C$16) -> #DIV/0! | E12: =RANK(C12,$C$12:$C$34) -> #DIV/0! | MC12: 1 | MD12: =AVERAGE(MG12:MU12) -> #DIV/0! | ME12: =RANK(MD12,$MD$12:$MD$16) -> #DIV/0! | MF12: =RANK(MD12,$MD$12:$MD$34) -> #DIV/0!
C13: =AVERAGE(F13:IM13) -> #DIV/0! | D13: =RANK(C13,$C$12:$C$16) -> #DIV/0! | E13: =RANK(C13,$C$12:$C$34) -> #DIV/0! | MC13: 2 | MD13: =AVERAGE(MG13:MU13) -> #DIV/0! | ME13: =RANK(MD13,$MD$12:$MD$16) -> #DIV/0! | MF13: =RANK(MD13,$MD$12:$MD$34) -> #DIV/0!
C14: =AVERAGE(F14:IM14) -> #DIV/0! | D14: =RANK(C14,$C$12:$C$16) -> #DIV/0! | E14: =RANK(C14,$C$12:$C$34) -> #DIV/0! | MC14: 3 | MD14: =AVERAGE(MG14:MU14) -> #DIV/0! | ME14: =RANK(MD14,$MD$12:$MD$16) -> #DIV/0! | MF14: =RANK(MD14,$MD$12:$MD$34) -> #DIV/0!
C15: =AVERAGE(F15:IM15) -> #DIV/0! | D15: =RANK(C15,$C$12:$C$16) -> #DIV/0! | E15: =RANK(C15,$C$12:$C$34) -> #DIV/0! | MC15: 4 | MD15: =AVERAGE(MG15:MU15) -> #DIV/0! | ME15: =RANK(MD15,$MD$12:$MD$16) -> #DIV/0! | MF15: =RANK(MD15,$MD$12:$MD$34) -> #DIV/0!
C16: =AVERAGE(F16:IM16) -> #DIV/0! | D16: =RANK(C16,$C$12:$C$16) -> #DIV/0! | E16: =RANK(C16,$C$12:$C$34) -> #DIV/0! | MC16: 5 | MD16: =AVERAGE(MG16:MU16) -> #DIV/0! | ME16: =RANK(MD16,$MD$12:$MD$16) -> #DIV/0! | MF16: =RANK(MD16,$MD$12:$MD$34) -> #DIV/0!
B17: 5 | DH17: =AI50 -> 0.25 | DJ17: =SUM(C18:C22) -> #DIV/0! | MC17: II. Knowledge of Subject | MM17: =AI50 -> 0.25 | MN17: =AVERAGE(MD18:MD22) -> #DIV/0! | MO17: =SUM(MD18:MD22) -> #DIV/0! | MP17: =AVERAGE(MF18:MF22) -> #DIV/0!
B18: 1 | C18: =AVERAGE(F18:IM18) -> #DIV/0! | D18: =RANK(C18,$C$18:$C$22) -> #DIV/0! | E18: =RANK(C18,$C$12:$C$34) -> #DIV/0! | MC18: 1 | MD18: =AVERAGE(MG18:MU18) -> #DIV/0! | ME18: =RANK(MD18,$MD$18:$MD$22) -> #DIV/0! | MF18: =RANK(MD18,$MD$12:$MD$34) -> #DIV/0!
B19: 2 | C19: =AVERAGE(F19:IM19) -> #DIV/0! | D19: =RANK(C19,$C$18:$C$22) -> #DIV/0! | E19: =RANK(C19,$C$12:$C$34) -> #DIV/0! | MC19: 2 | MD19: =AVERAGE(MG19:MU19) -> #DIV/0! | ME19: =RANK(MD19,$MD$18:$MD$22) -> #DIV/0! | MF19: =RANK(MD19,$MD$12:$MD$34) -> #DIV/0!
B20: 3 | C20: =AVERAGE(F20:IM20) -> #DIV/0! | D20: =RANK(C20,$C$18:$C$22) -> #DIV/0! | E20: =RANK(C20,$C$12:$C$34) -> #DIV/0! | MC20: 3 | MD20: =AVERAGE(MG20:MU20) -> #DIV/0! | ME20: =RANK(MD20,$MD$18:$MD$22) -> #DIV/0! | MF20: =RANK(MD20,$MD$12:$MD$34) -> #DIV/0!
B21: 4 | C21: =AVERAGE(F21:IM21) -> #DIV/0! | D21: =RANK(C21,$C$18:$C$22) -> #DIV/0! | E21: =RANK(C21,$C$12:$C$34) -> #DIV/0! | MC21: 4 | MD21: =AVERAGE(MG21:MU21) -> #DIV/0! | ME21: =RANK(MD21,$MD$18:$MD$22) -> #DIV/0! | MF21: =RANK(MD21,$MD$12:$MD$34) -> #DIV/0!
B22: 5 | C22: =AVERAGE(F22:IM22) -> #DIV/0! | D22: =RANK(C22,$C$18:$C$22) -> #DIV/0! | E22: =RANK(C22,$C$12:$C$34) -> #DIV/0! | MC22: 5 | MD22: =AVERAGE(MG22:MU22) -> #DIV/0! | ME22: =RANK(MD22,$MD$18:$MD$22) -> #DIV/0! | MF22: =RANK(MD22,$MD$12:$MD$34) -> #DIV/0!
B23: \ | DH23: =AI56 -> 0.25 | DJ23: =SUM(C24:C28) -> #DIV/0! | MC23: III. Teaching for Independent Learning | MM23: =AI56 -> 0.25 | MN23: =AVERAGE(MD24:MD28) -> #DIV/0! | MO23: =SUM(MD24:MD28) -> #DIV/0! | MP23: =AVERAGE(MF24:MF28) -> #DIV/0!
B24: 1 | C24: =AVERAGE(F24:IM24) -> #DIV/0! | D24: =RANK(C24,$C$24:$C$28) -> #DIV/0! | E24: =RANK(C24,$C$12:$C$34) -> #DIV/0! | MC24: 1 | MD24: =AVERAGE(MG24:MU24) -> #DIV/0! | ME24: =RANK(MD24,$MD$24:$MD$28) -> #DIV/0! | MF24: =RANK(MD24,$MD$12:$MD$34) -> #DIV/0!
B25: 2 | C25: =AVERAGE(F25:IM25) -> #DIV/0! | D25: =RANK(C25,$C$24:$C$28) -> #DIV/0! | E25: =RANK(C25,$C$12:$C$34) -> #DIV/0! | MC25: 2 | MD25: =AVERAGE(MG25:MU25) -> #DIV/0! | ME25: =RANK(MD25,$MD$24:$MD$28) -> #DIV/0! | MF25: =RANK(MD25,$MD$12:$MD$34) -> #DIV/0!
B26: 3 | C26: =AVERAGE(F26:IM26) -> #DIV/0! | D26: =RANK(C26,$C$24:$C$28) -> #DIV/0! | E26: =RANK(C26,$C$12:$C$34) -> #DIV/0! | MC26: 3 | MD26: =AVERAGE(MG26:MU26) -> #DIV/0! | ME26: =RANK(MD26,$MD$24:$MD$28) -> #DIV/0! | MF26: =RANK(MD26,$MD$12:$MD$34) -> #DIV/0!
B27: 4 | C27: =AVERAGE(F27:IM27) -> #DIV/0! | D27: =RANK(C27,$C$24:$C$28) -> #DIV/0! | E27: =RANK(C27,$C$12:$C$34) -> #DIV/0! | MC27: 4 | MD27: =AVERAGE(MG27:MU27) -> #DIV/0! | ME27: =RANK(MD27,$MD$24:$MD$28) -> #DIV/0! | MF27: =RANK(MD27,$MD$12:$MD$34) -> #DIV/0!
B28: 5 | C28: =AVERAGE(F28:IM28) -> #DIV/0! | D28: =RANK(C28,$C$24:$C$28) -> #DIV/0! | E28: =RANK(C28,$C$12:$C$34) -> #DIV/0! | MC28: 5 | MD28: =AVERAGE(MG28:MU28) -> #DIV/0! | ME28: =RANK(MD28,$MD$24:$MD$28) -> #DIV/0! | MF28: =RANK(MD28,$MD$12:$MD$34) -> #DIV/0!
DH29: =AI62 -> 0.25 | DJ29: =SUM(C30:C34) -> #DIV/0! | MC29: IV. Management of Learning | MM29: =AI62 -> 0.25 | MN29: =AVERAGE(MD30:MD34) -> #DIV/0! | MO29: =SUM(MD30:MD34) -> #DIV/0! | MP29: =AVERAGE(MF30:MF34) -> #DIV/0!
B30: 1 | C30: =AVERAGE(F30:IM30) -> #DIV/0! | D30: =RANK(C30,$C$30:$C$34) -> #DIV/0! | E30: =RANK(C30,$C$12:$C$34) -> #DIV/0! | MC30: 1 | MD30: =AVERAGE(MG30:MU30) -> #DIV/0! | ME30: =RANK(MD30,$MD$30:$MD$34) -> #DIV/0! | MF30: =RANK(MD30,$MD$12:$MD$34) -> #DIV/0!
B31: 2 | C31: =AVERAGE(F31:IM31) -> #DIV/0! | D31: =RANK(C31,$C$30:$C$34) -> #DIV/0! | E31: =RANK(C31,$C$12:$C$34) -> #DIV/0! | MC31: 2 | MD31: =AVERAGE(MG31:MU31) -> #DIV/0! | ME31: =RANK(MD31,$MD$30:$MD$34) -> #DIV/0! | MF31: =RANK(MD31,$MD$12:$MD$34) -> #DIV/0!
B32: 3 | C32: =AVERAGE(F32:IM32) -> #DIV/0! | D32: =RANK(C32,$C$30:$C$34) -> #DIV/0! | E32: =RANK(C32,$C$12:$C$34) -> #DIV/0! | MC32: 3 | MD32: =AVERAGE(MG32:MU32) -> #DIV/0! | ME32: =RANK(MD32,$MD$30:$MD$34) -> #DIV/0! | MF32: =RANK(MD32,$MD$12:$MD$34) -> #DIV/0!
B33: 4 | C33: =AVERAGE(F33:IM33) -> #DIV/0! | D33: =RANK(C33,$C$30:$C$34) -> #DIV/0! | E33: =RANK(C33,$C$12:$C$34) -> #DIV/0! | MC33: 4 | MD33: =AVERAGE(MG33:MU33) -> #DIV/0! | ME33: =RANK(MD33,$MD$30:$MD$34) -> #DIV/0! | MF33: =RANK(MD33,$MD$12:$MD$34) -> #DIV/0!
B34: 5 | C34: =AVERAGE(F34:IM34) -> #DIV/0! | D34: =RANK(C34,$C$30:$C$34) -> #DIV/0! | E34: =RANK(C34,$C$12:$C$34) -> #DIV/0! | MC34: 5 | MD34: =AVERAGE(MG34:MU34) -> #DIV/0! | ME34: =RANK(MD34,$MD$30:$MD$34) -> #DIV/0! | MF34: =RANK(MD34,$MD$12:$MD$34) -> #DIV/0!
B35: =STDEVP(DC35:DZ35) -> 0 | E35: Total | F35: =SUM(F12:F16)+SUM(F18:F22)+SUM(F24:F28)+SUM(F30:F34) -> 0 | G35: =SUM(G12:G16)+SUM(G18:G22)+SUM(G24:G28)+SUM(G30:G34) -> 0 | H35: =SUM(H12:H16)+SUM(H18:H22)+SUM(H24:H28)+SUM(H30:H34) -> 0 | I35: =SUM(I12:I16)+SUM(I18:I22)+SUM(I24:I28)+SUM(I30:I34) -> 0 | J35: =SUM(J12:J16)+SUM(J18:J22)+SUM(J24:J28)+SUM(J30:J34) -> 0 | K35: =SUM(K12:K16)+SUM(K18:K22)+SUM(K24:K28)+SUM(K30:K34) -> 0 | L35: =SUM(L12:L16)+SUM(L18:L22)+SUM(L24:L28)+SUM(L30:L34) -> 0 | M35: =SUM(M12:M16)+SUM(M18:M22)+SUM(M24:M28)+SUM(M30:M34) -> 0 | ... LQ35: =SUM(LQ12:LQ16)+SUM(LQ18:LQ22)+SUM(LQ24:LQ28)+SUM(LQ30:LQ34) -> 0 | MC35: =STDEVP(MG35:MK35) -> 0 | MF35: Total | MG35: =SUM(MG30:MG34)+SUM(MG24:MG28)+SUM(MG18:MG22)+SUM(MG12:MG16) -> 0 | MH35: =SUM(MH30:MH34)+SUM(MH24:MH28)+SUM(MH18:MH22)+SUM(MH12:MH16) -> 0 | MI35: =SUM(MI30:MI34)+SUM(MI24:MI28)+SUM(MI18:MI22)+SUM(MI12:MI16) -> 0 | MJ35: =SUM(MJ30:MJ34)+SUM(MJ24:MJ28)+SUM(MJ18:MJ22)+SUM(MJ12:MJ16) -> 0 | MK35: =SUM(MK30:MK34)+SUM(MK24:MK28)+SUM(MK18:MK22)+SUM(MK12:MK16) -> 0 | ML35: =SUM(ML30:ML34)+SUM(ML24:ML28)+SUM(ML18:ML22)+SUM(ML12:ML16) -> 0 | MM35: =SUM(MM30:MM34)+SUM(MM24:MM28)+SUM(MM18:MM22)+SUM(MM12:MM16) -> 0 | MN35: =SUM(MN30:MN34)+SUM(MN24:MN28)+SUM(MN18:MN22)+SUM(MN12:MN16) -> 0 | ... MU35: =SUM(MU30:MU34)+SUM(MU24:MU28)+SUM(MU18:MU22)+SUM(MU12:MU16) -> 0
DI36: Total Rating | DJ36: =DJ11+DJ17+DJ23+DJ29 -> #DIV/0! | MN36: Total Rating | MO36: =MO11+MO17+MO23+MO29 -> #DIV/0!
B39: Name of Faculty: | DC39: =DC6 -> , | MB39: Rating Period: | MG39: =MG6 -> 0
X41: SUMMARY | AN41: Raw Score | AQ41: Rating | AT41: Weighted
B42: C. SELF AS RATER | I42: =AI43 -> 0.25 | N42: D. SUPERVISOR | U42: =AK43 -> 0.25 | Y42: Rating | AA42: Rank | AE42: ST | AG42: PE | AI42: SE | AK42: SU | AQ42: per Area | AT42: Rating
C43: Rating | E43: Rank | O43: Rating | Q43: Rank | AA43: Group | AB43: Group | AC43: All | AE43: 0.25 | AG43: 0.25 | AH43: 7 | AI43: 0.25 | AJ43: 9 | AK43: 0.25
E44: Group | G44: All | Q44: Group | S44: All | X44: I. Commitment | AI44: 0.25 | AK44: =AVERAGE(Y45:Z49) -> #DIV/0! | AO44: =SUM(Y45:Z49) -> #DIV/0! | AQ44: =AO44*4 -> #DIV/0! | AT44: =AQ44*AI44 -> #DIV/0!
B45: I. Commitment | G45: =AI44 -> 0.25 | I45: =SUM(C46:C50) -> 0 | N45: I. Commitment | S45: =AI44 -> 0.25 | U45: =SUM(O46:O50) -> 0 | X45: 1 | Y45: =AE45*$AE$43+AG45*$AG$43+AI45*$AI$43+AK45*$AK$43 -> #DIV/0! | AA45: =RANK(Y45,$Y$45:$Z$49) -> #DIV/0! | AC45: =RANK(Y45,$Y$45:$Z$67) -> #DIV/0! | AE45: =C12 -> #DIV/0! | AG45: =MD12 -> #DIV/0! | AI45: =C46 -> 0 | AK45: =O46 -> 0
B46: 1 | E46: =RANK(C46,$C$46:$D$50) -> #N/A | G46: =RANK(C46,$C$46:$D$68) -> #N/A | N46: 1 | Q46: =RANK(O46,$O$46:$P$50) -> #N/A | S46: =RANK(O46,$O$46:$P$68) -> #N/A | X46: 2 | Y46: =AE46*$AE$43+AG46*$AG$43+AI46*$AI$43+AK46*$AK$43 -> #DIV/0! | AA46: =RANK(Y46,$Y$45:$Z$49) -> #DIV/0! | AC46: =RANK(Y46,$Y$45:$Z$67) -> #DIV/0! | AE46: =C13 -> #DIV/0! | AG46: =MD13 -> #DIV/0! | AI46: =C47 -> 0 | AK46: =O47 -> 0
B47: 2 | E47: =RANK(C47,$C$46:$D$50) -> #N/A | G47: =RANK(C47,$C$46:$D$68) -> #N/A | N47: 2 | Q47: =RANK(O47,$O$46:$P$50) -> #N/A | S47: =RANK(O47,$O$46:$P$68) -> #N/A | X47: 3 | Y47: =AE47*$AE$43+AG47*$AG$43+AI47*$AI$43+AK47*$AK$43 -> #DIV/0! | AA47: =RANK(Y47,$Y$45:$Z$49) -> #DIV/0! | AC47: =RANK(Y47,$Y$45:$Z$67) -> #DIV/0! | AE47: =C14 -> #DIV/0! | AG47: =MD14 -> #DIV/0! | AI47: =C48 -> 0 | AK47: =O48 -> 0
B48: 3 | E48: =RANK(C48,$C$46:$D$50) -> #N/A | G48: =RANK(C48,$C$46:$D$68) -> #N/A | N48: 3 | Q48: =RANK(O48,$O$46:$P$50) -> #N/A | S48: =RANK(O48,$O$46:$P$68) -> #N/A | X48: 4 | Y48: =AE48*$AE$43+AG48*$AG$43+AI48*$AI$43+AK48*$AK$43 -> #DIV/0! | AA48: =RANK(Y48,$Y$45:$Z$49) -> #DIV/0! | AC48: =RANK(Y48,$Y$45:$Z$67) -> #DIV/0! | AE48: =C15 -> #DIV/0! | AG48: =MD15 -> #DIV/0! | AI48: =C49 -> 0 | AK48: =O49 -> 0
B49: 4 | E49: =RANK(C49,$C$46:$D$50) -> #N/A | G49: =RANK(C49,$C$46:$D$68) -> #N/A | N49: 4 | Q49: =RANK(O49,$O$46:$P$50) -> #N/A | S49: =RANK(O49,$O$46:$P$68) -> #N/A | X49: 5 | Y49: =AE49*$AE$43+AG49*$AG$43+AI49*$AI$43+AK49*$AK$43 -> #DIV/0! | AA49: =RANK(Y49,$Y$45:$Z$49) -> #DIV/0! | AC49: =RANK(Y49,$Y$45:$Z$67) -> #DIV/0! | AE49: =C16 -> #DIV/0! | AG49: =MD16 -> #DIV/0! | AI49: =C50 -> 0 | AK49: =O50 -> 0
B50: 5 | E50: =RANK(C50,$C$46:$D$50) -> #N/A | G50: =RANK(C50,$C$46:$D$68) -> #N/A | N50: 5 | Q50: =RANK(O50,$O$46:$P$50) -> #N/A | S50: =RANK(O50,$O$46:$P$68) -> #N/A | X50: II. Knowledge of Subject | AI50: 0.25 | AK50: =AVERAGE(Y51:Z55) -> #DIV/0! | AO50: =SUM(Y51:Z55) -> #DIV/0! | AQ50: =AO50*4 -> #DIV/0! | AT50: =AQ50*AI50 -> #DIV/0!
B51: II. Knowledge of Subject | G51: =AI50 -> 0.25 | I51: =SUM(C52:C56) -> 0 | N51: II. Knowledge of Subject | S51: =AI50 -> 0.25 | U51: =SUM(O52:O56) -> 0 | X51: 1 | Y51: =AE51*$AE$43+AG51*$AG$43+AI51*$AI$43+AK51*$AK$43 -> #DIV/0! | AA51: =RANK(Y51,$Y$51:$Z$55) -> #DIV/0! | AC51: =RANK(Y51,$Y$45:$Z$67) -> #DIV/0! | AE51: =C18 -> #DIV/0! | AG51: =MD18 -> #DIV/0! | AI51: =C52 -> 0 | AK51: =O52 -> 0
B52: 1 | E52: =RANK(C52,$C$52:$D$56) -> #N/A | G52: =RANK(C52,$C$46:$D$68) -> #N/A | N52: 1 | Q52: =RANK(O52,$O$52:$P$56) -> #N/A | S52: =RANK(O52,$O$46:$P$68) -> #N/A | X52: 2 | Y52: =AE52*$AE$43+AG52*$AG$43+AI52*$AI$43+AK52*$AK$43 -> #DIV/0! | AA52: =RANK(Y52,$Y$51:$Z$55) -> #DIV/0! | AC52: =RANK(Y52,$Y$45:$Z$67) -> #DIV/0! | AE52: =C19 -> #DIV/0! | AG52: =MD19 -> #DIV/0! | AI52: =C53 -> 0 | AK52: =O53 -> 0
B53: 2 | E53: =RANK(C53,$C$52:$D$56) -> #N/A | G53: =RANK(C53,$C$46:$D$68) -> #N/A | N53: 2 | Q53: =RANK(O53,$O$52:$P$56) -> #N/A | S53: =RANK(O53,$O$46:$P$68) -> #N/A | X53: 3 | Y53: =AE53*$AE$43+AG53*$AG$43+AI53*$AI$43+AK53*$AK$43 -> #DIV/0! | AA53: =RANK(Y53,$Y$51:$Z$55) -> #DIV/0! | AC53: =RANK(Y53,$Y$45:$Z$67) -> #DIV/0! | AE53: =C20 -> #DIV/0! | AG53: =MD20 -> #DIV/0! | AI53: =C54 -> 0 | AK53: =O54 -> 0
B54: 3 | E54: =RANK(C54,$C$52:$D$56) -> #N/A | G54: =RANK(C54,$C$46:$D$68) -> #N/A | N54: 3 | Q54: =RANK(O54,$O$52:$P$56) -> #N/A | S54: =RANK(O54,$O$46:$P$68) -> #N/A | X54: 4 | Y54: =AE54*$AE$43+AG54*$AG$43+AI54*$AI$43+AK54*$AK$43 -> #DIV/0! | AA54: =RANK(Y54,$Y$51:$Z$55) -> #DIV/0! | AC54: =RANK(Y54,$Y$45:$Z$67) -> #DIV/0! | AE54: =C21 -> #DIV/0! | AG54: =MD21 -> #DIV/0! | AI54: =C55 -> 0 | AK54: =O55 -> 0
B55: 4 | E55: =RANK(C55,$C$52:$D$56) -> #N/A | G55: =RANK(C55,$C$46:$D$68) -> #N/A | N55: 4 | Q55: =RANK(O55,$O$52:$P$56) -> #N/A | S55: =RANK(O55,$O$46:$P$68) -> #N/A | X55: 5 | Y55: =AE55*$AE$43+AG55*$AG$43+AI55*$AI$43+AK55*$AK$43 -> #DIV/0! | AA55: =RANK(Y55,$Y$51:$Z$55) -> #DIV/0! | AC55: =RANK(Y55,$Y$45:$Z$67) -> #DIV/0! | AE55: =C22 -> #DIV/0! | AG55: =MD22 -> #DIV/0! | AI55: =C56 -> 0 | AK55: =O56 -> 0
B56: 5 | E56: =RANK(C56,$C$52:$D$56) -> #N/A | G56: =RANK(C56,$C$46:$D$68) -> #N/A | N56: 5 | Q56: =RANK(O56,$O$52:$P$56) -> #N/A | S56: =RANK(O56,$O$46:$P$68) -> #N/A | X56: III. Teaching for Independent Learning | AI56: 0.25 | AK56: =AVERAGE(Y57:Z61) -> #DIV/0! | AO56: =SUM(Y57:Z61) -> #DIV/0! | AQ56: =AO56*4 -> #DIV/0! | AT56: =AQ56*AI56 -> #DIV/0!
B57: III. Teaching for Independent Learning | G57: =AI56 -> 0.25 | I57: =SUM(C58:C62) -> 0 | N57: III. Teaching for Independent Learning | S57: =AI56 -> 0.25 | U57: =SUM(O58:O62) -> 0 | X57: 1 | Y57: =AE57*$AE$43+AG57*$AG$43+AI57*$AI$43+AK57*$AK$43 -> #DIV/0! | AA57: =RANK(Y57,$Y$57:$Z$61) -> #DIV/0! | AC57: =RANK(Y57,$Y$45:$Z$67) -> #DIV/0! | AE57: =C24 -> #DIV/0! | AG57: =MD24 -> #DIV/0! | AI57: =C58 -> 0 | AK57: =O58 -> 0
B58: 1 | E58: =RANK(C58,$C$58:$D$62) -> #N/A | G58: =RANK(C58,$C$46:$D$68) -> #N/A | N58: 1 | Q58: =RANK(O58,$O$58:$P$62) -> #N/A | S58: =RANK(O58,$O$46:$P$68) -> #N/A | X58: 2 | Y58: =AE58*$AE$43+AG58*$AG$43+AI58*$AI$43+AK58*$AK$43 -> #DIV/0! | AA58: =RANK(Y58,$Y$57:$Z$61) -> #DIV/0! | AC58: =RANK(Y58,$Y$45:$Z$67) -> #DIV/0! | AE58: =C25 -> #DIV/0! | AG58: =MD25 -> #DIV/0! | AI58: =C59 -> 0 | AK58: =O59 -> 0
B59: 2 | E59: =RANK(C59,$C$58:$D$62) -> #N/A | G59: =RANK(C59,$C$46:$D$68) -> #N/A | N59: 2 | Q59: =RANK(O59,$O$58:$P$62) -> #N/A | S59: =RANK(O59,$O$46:$P$68) -> #N/A | X59: 3 | Y59: =AE59*$AE$43+AG59*$AG$43+AI59*$AI$43+AK59*$AK$43 -> #DIV/0! | AA59: =RANK(Y59,$Y$57:$Z$61) -> #DIV/0! | AC59: =RANK(Y59,$Y$45:$Z$67) -> #DIV/0! | AE59: =C26 -> #DIV/0! | AG59: =MD26 -> #DIV/0! | AI59: =C60 -> 0 | AK59: =O60 -> 0
B60: 3 | E60: =RANK(C60,$C$58:$D$62) -> #N/A | G60: =RANK(C60,$C$46:$D$68) -> #N/A | N60: 3 | Q60: =RANK(O60,$O$58:$P$62) -> #N/A | S60: =RANK(O60,$O$46:$P$68) -> #N/A | X60: 4 | Y60: =AE60*$AE$43+AG60*$AG$43+AI60*$AI$43+AK60*$AK$43 -> #DIV/0! | AA60: =RANK(Y60,$Y$57:$Z$61) -> #DIV/0! | AC60: =RANK(Y60,$Y$45:$Z$67) -> #DIV/0! | AE60: =C27 -> #DIV/0! | AG60: =MD27 -> #DIV/0! | AI60: =C61 -> 0 | AK60: =O61 -> 0
B61: 4 | E61: =RANK(C61,$C$58:$D$62) -> #N/A | G61: =RANK(C61,$C$46:$D$68) -> #N/A | N61: 4 | Q61: =RANK(O61,$O$58:$P$62) -> #N/A | S61: =RANK(O61,$O$46:$P$68) -> #N/A | X61: 5 | Y61: =AE61*$AE$43+AG61*$AG$43+AI61*$AI$43+AK61*$AK$43 -> #DIV/0! | AA61: =RANK(Y61,$Y$57:$Z$61) -> #DIV/0! | AC61: =RANK(Y61,$Y$45:$Z$67) -> #DIV/0! | AE61: =C28 -> #DIV/0! | AG61: =MD28 -> #DIV/0! | AI61: =C62 -> 0 | AK61: =O62 -> 0
B62: 5 | E62: =RANK(C62,$C$58:$D$62) -> #N/A | G62: =RANK(C62,$C$46:$D$68) -> #N/A | N62: 5 | Q62: =RANK(O62,$O$58:$P$62) -> #N/A | S62: =RANK(O62,$O$46:$P$68) -> #N/A | X62: IV. Management of Learning | AI62: 0.25 | AK62: =AVERAGE(Y63:Z67) -> #DIV/0! | AO62: =SUM(Y63:Z67) -> #DIV/0! | AQ62: =AO62*4 -> #DIV/0! | AT62: =AQ62*AI62 -> #DIV/0!
B63: IV. Management of Learning | G63: =AI62 -> 0.25 | I63: =SUM(C64:C68) -> 0 | N63: IV. Management of Learning | S63: =AI62 -> 0.25 | U63: =SUM(O64:O68) -> 0 | X63: 1 | Y63: =AE63*$AE$43+AG63*$AG$43+AI63*$AI$43+AK63*$AK$43 -> #DIV/0! | AA63: =RANK(Y63,$Y$63:$Z$67) -> #DIV/0! | AC63: =RANK(Y63,$Y$45:$Z$67) -> #DIV/0! | AE63: =C30 -> #DIV/0! | AG63: =MD30 -> #DIV/0! | AI63: =C64 -> 0 | AK63: =O64 -> 0
B64: 1 | E64: =RANK(C64,$C$64:$D$68) -> #N/A | G64: =RANK(C64,$C$46:$D$68) -> #N/A | N64: 1 | Q64: =RANK(O64,$O$64:$P$68) -> #N/A | S64: =RANK(O64,$O$46:$P$68) -> #N/A | X64: 2 | Y64: =AE64*$AE$43+AG64*$AG$43+AI64*$AI$43+AK64*$AK$43 -> #DIV/0! | AA64: =RANK(Y64,$Y$63:$Z$67) -> #DIV/0! | AC64: =RANK(Y64,$Y$45:$Z$67) -> #DIV/0! | AE64: =C31 -> #DIV/0! | AG64: =MD31 -> #DIV/0! | AI64: =C65 -> 0 | AK64: =O65 -> 0
B65: 2 | E65: =RANK(C65,$C$64:$D$68) -> #N/A | G65: =RANK(C65,$C$46:$D$68) -> #N/A | N65: 2 | Q65: =RANK(O65,$O$64:$P$68) -> #N/A | S65: =RANK(O65,$O$46:$P$68) -> #N/A | X65: 3 | Y65: =AE65*$AE$43+AG65*$AG$43+AI65*$AI$43+AK65*$AK$43 -> #DIV/0! | AA65: =RANK(Y65,$Y$63:$Z$67) -> #DIV/0! | AC65: =RANK(Y65,$Y$45:$Z$67) -> #DIV/0! | AE65: =C32 -> #DIV/0! | AG65: =MD32 -> #DIV/0! | AI65: =C66 -> 0 | AK65: =O66 -> 0
B66: 3 | E66: =RANK(C66,$C$64:$D$68) -> #N/A | G66: =RANK(C66,$C$46:$D$68) -> #N/A | N66: 3 | Q66: =RANK(O66,$O$64:$P$68) -> #N/A | S66: =RANK(O66,$O$46:$P$68) -> #N/A | X66: 4 | Y66: =AE66*$AE$43+AG66*$AG$43+AI66*$AI$43+AK66*$AK$43 -> #DIV/0! | AA66: =RANK(Y66,$Y$63:$Z$67) -> #DIV/0! | AC66: =RANK(Y66,$Y$45:$Z$67) -> #DIV/0! | AE66: =C33 -> #DIV/0! | AG66: =MD33 -> #DIV/0! | AI66: =C67 -> 0 | AK66: =O67 -> 0
B67: 4 | E67: =RANK(C67,$C$58:$D$62) -> #N/A | G67: =RANK(C67,$C$46:$D$68) -> #N/A | N67: 4 | Q67: =RANK(O67,$O$64:$P$68) -> #N/A | S67: =RANK(O67,$O$46:$P$68) -> #N/A | X67: 5 | Y67: =AE67*$AE$43+AG67*$AG$43+AI67*$AI$43+AK67*$AK$43 -> #DIV/0! | AA67: =RANK(Y67,$Y$63:$Z$67) -> #DIV/0! | AC67: =RANK(Y67,$Y$45:$Z$67) -> #DIV/0! | AE67: =C34 -> #DIV/0! | AG67: =MD34 -> #DIV/0! | AI67: =C68 -> 0 | AK67: =O68 -> 0
B68: 5 | E68: =RANK(C68,$C$64:$D$68) -> #N/A | G68: =RANK(C68,$C$46:$D$68) -> #N/A | N68: 5 | Q68: =RANK(O68,$O$64:$P$68) -> #N/A | S68: =RANK(O68,$O$46:$P$68) -> #N/A | AD68: Total Rating | AE68: =DJ36 -> #DIV/0! | AG68: =MO36 -> #DIV/0! | AI68: =I69 -> 0 | AK68: =U69 -> 0 | AT68: =ROUND(AT62+AT56+AT50+AT44,2) -> #DIV/0!
H69: Total Rating | I69: =I45+I51+I57+I63 -> 0 | T69: Total Rating | U69: =U45+U51+U57+U63 -> 0
AB71: CERTIFIED CORRECT:
DZ75: =Entry!D23 -> DANIEL E. MALIGAT, JR., DIT
DZ76: =Entry!D24 -> DEAN

Sheet TER
A1: Republic of the Philippines
A2: CAMARINES NORTE STATE COLLEGE
A3: Daet, Camarines Norte
A6: TEACHING EFFICIENCY RATING (TER) FORM 3
A9: Instructor: | D9: =TI!DC6 -> , | H9: Rating Period:
A10: College: | D10: =Entry!D19 -> 0 | H10: Department: | J10: =Entry!D20 -> 0
A12: I. PERFORMANCE: | E12: 0.7 | F12: RATING | H12: RATING | J12: RATING | L12: POINT
H13: EQUIVALENT | J13: PERCENTAGE | L13: SCORE
B14: 1. Instruction
C15: a. Student as Rater | F15: =TI!DJ36 -> #DIV/0! | H15: =F15/10 -> #DIV/0! | J15: 0.25 | L15: =H15*J15 -> #DIV/0!
C16: b. Peer as Rater | F16: =TI!MO36 -> #DIV/0! | H16: =F16/10 -> #DIV/0! | J16: 0.15 | L16: =H16*J16 -> #DIV/0!
C17: c. Dean as Rater | F17: =TI!U69 -> 0 | H17: =F17/10 -> 0 | J17: 0.15 | L17: =H17*J17 -> 0
B19: 2. Research | H19: =F19/10 -> 0 | J19: 0.05 | L19: =H19*J19 -> 0
B20: 3. Extension Service | H20: =F20/10 -> 0 | J20: 0.05 | L20: =H20*J20 -> 0
B21: 4. Productivity | H21: =F21/10 -> 0 | J21: 0.05 | L21: =H21*J21 -> 0
A23: II. BEHAVIOUR | E23: 0.3
B25: 1. Courtesy | H25: 8 | J25: 0.075 | L25: =H25*J25 -> 0.6
B26: 2. Human Relations | H26: 8 | J26: 0.075 | L26: =H26*J26 -> 0.6
B27: 3. Punctuality and Attendance | H27: 8 | J27: 0.075 | L27: =H27*J27 -> 0.6
B28: 4. Initiative | H28: 8 | J28: 0.075 | L28: =H28*J28 -> 0.6
B29: 5. Leadership (For Supervisor only) | J29: 0.05 | L29: =H29*J29 -> 0
B30: 6. Stress Tolerance (For Supervisor only) | J30: 0.05 | L30: =H30*J30 -> 0
B33: For full time instructor --- items 1-4 only at 7.5% per item
B34: For supervisors --- items 1-6 at 5% per item
E35: Overall Point Score | L35: =SUM(L15:L30) -> #DIV/0!
E36: Equivalent Numerical Rating | L36: =IF(L35>=9.3,10,IF(L35>=7.5,8,IF(L35>=5,6,IF(L35>=3,4,2)))) -> #DIV/0!
E37: Equivalent Adjective Rating | L37: =IF(L36=10,"O",IF(L36=8,"VS",IF(L36=6,"S",IF(L36=4,"F","US")))) -> #DIV/0!
A40: Descriptive Equivalent of Numerical Ratings:
C41: 9.3 above | E41: - Outstanding (O)
C42: 7.5 - 9.2 | E42: - Very Satisfactory (VS)
C43: 5.0 - 7.4 | E43: - Satisfactory (S)
C44: 3.0 - 4.9 | E44: - Fair (F)
C45: 2.0 - 2.9 | E45: - Unsatisfactory (US)
A47: EMPLOYEE'S COMMENTS/REMARKS: | H47: DISCUSSED RATING WITH:
H49: =D9 -> ,
H50: Signature of Ratee / Date
A54: RATER'S COMMENTS/REMARKS: | H54: =TI!DZ75 -> DANIEL E. MALIGAT, JR., DIT
H55: Signature of Rater / Date
H60: Signature of Rater's Supervisor / Date

Sheet TR
B1: Republic of the Philippines
B2: CAMARINES NORTE STATE COLLEGE
B3: Daet, Camarines Norte
B5: RATING - RESEARCH
B7: Name of Faculty: | F7: =TI!DC6:DM6 -> #VALUE! | AK7: Rating Period: | AP7: =TI!MG6:MO6 -> #VALUE!
B9: I. CLIENTELE SATISFACTION | J9: 0.2 | L9: =AVERAGE(C12:C16) -> #DIV/0!
C10: Ave. | D10: Rank | E10: Rater No.
E11: 1 | F11: 2 | G11: 3 | H11: 4 | I11: 5 | J11: 6 | K11: 7 | L11: 8 | M11: 9 | N11: 10 | O11: 11 | P11: 12 | Q11: 13 | R11: 14 | S11: 15 | T11: 16 | U11: 17 | V11: 18 | W11: 19 | X11: 20 | Y11: 21 | Z11: 22 | AA11: 23 | AB11: 24 | AC11: 25 | AD11: 26 | AE11: 27 | AF11: 28 | AG11: 29 | AH11: 30 | AI11: 31 | AJ11: 32 | AK11: 33 | AL11: 34 | AM11: 35 | AN11: 36 | AO11: 37 | AP11: 38 | AQ11: 39 | AR11: 40 | AS11: 41 | AT11: 42 | AU11: 43 | AV11: 44 | AW11: 45 | AX11: 46 | AY11: 47 | AZ11: 48 | BA11: 49 | BB11: 50
B12: 1 | C12: =AVERAGE(E12:BB12,E19:BB19,E26:BB26,E33:BB33) -> #DIV/0! | D12: =RANK(C12,$C$12:$C$16) -> #DIV/0!
B13: 2 | C13: =AVERAGE(E13:BB13,E20:BB20,E27:BB27,E34:BB34) -> #DIV/0! | D13: =RANK(C13,$C$12:$C$16) -> #DIV/0!
B14: 3 | C14: =AVERAGE(E14:BB14,E21:BB21,E28:BB28,E35:BB35) -> #DIV/0! | D14: =RANK(C14,$C$12:$C$16) -> #DIV/0!
B15: 4 | C15: =AVERAGE(E15:BB15,E22:BB22,E29:BB29,E36:BB36) -> #DIV/0! | D15: =RANK(C15,$C$12:$C$16) -> #DIV/0!
B16: 5 | C16: =AVERAGE(E16:BB16,E23:BB23,E30:BB30,E37:BB37) -> #DIV/0! | D16: =RANK(C16,$C$12:$C$16) -> #DIV/0!
E17: Rater No.
E18: 51 | F18: 52 | G18: 53 | H18: 54 | I18: 55 | J18: 56 | K18: 57 | L18: 58 | M18: 59 | N18: 60 | O18: 61 | P18: 62 | Q18: 63 | R18: 64 | S18: 65 | T18: 66 | U18: 67 | V18: 68 | W18: 69 | X18: 70 | Y18: 71 | Z18: 72 | AA18: 73 | AB18: 74 | AC18: 75 | AD18: 76 | AE18: 77 | AF18: 78 | AG18: 79 | AH18: 80 | AI18: 81 | AJ18: 82 | AK18: 83 | AL18: 84 | AM18: 85 | AN18: 86 | AO18: 87 | AP18: 88 | AQ18: 89 | AR18: 90 | AS18: 91 | AT18: 92 | AU18: 93 | AV18: 94 | AW18: 95 | AX18: 96 | AY18: 97 | AZ18: 98 | BA18: 99 | BB18: 100
E24: Rater No.
E25: 101 | F25: 102 | G25: 103 | H25: 104 | I25: 105 | J25: 106 | K25: 107 | L25: 108 | M25: 109 | N25: 110 | O25: 111 | P25: 112 | Q25: 113 | R25: 114 | S25: 115 | T25: 116 | U25: 117 | V25: 118 | W25: 119 | X25: 120 | Y25: 121 | Z25: 122 | AA25: 123 | AB25: 124 | AC25: 125 | AD25: 126 | AE25: 127 | AF25: 128 | AG25: 129 | AH25: 130 | AI25: 131 | AJ25: 132 | AK25: 133 | AL25: 134 | AM25: 135 | AN25: 136 | AO25: 137 | AP25: 138 | AQ25: 139 | AR25: 140 | AS25: 141 | AT25: 142 | AU25: 143 | AV25: 144 | AW25: 145 | AX25: 146 | AY25: 147 | AZ25: 148 | BA25: 149 | BB25: 150
E31: Rater No.
E32: 151 | F32: 152 | G32: 153 | H32: 154 | I32: 155 | J32: 156 | K32: 157 | L32: 158 | M32: 159 | N32: 160 | O32: 161 | P32: 162 | Q32: 163 | R32: 164 | S32: 165 | T32: 166 | U32: 167 | V32: 168 | W32: 169 | X32: 170 | Y32: 171 | Z32: 172 | AA32: 173 | AB32: 174 | AC32: 175 | AD32: 176 | AE32: 177 | AF32: 178 | AG32: 179 | AH32: 180 | AI32: 181 | AJ32: 182 | AK32: 183 | AL32: 184 | AM32: 185 | AN32: 186 | AO32: 187 | AP32: 188 | AQ32: 189 | AR32: 190 | AS32: 191 | AT32: 192 | AU32: 193 | AV32: 194 | AW32: 195 | AX32: 196 | AY32: 197 | AZ32: 198 | BA32: 199 | BB32: 200
B40: II. LEADERSHIP | H40: III. PARTNERSHIP DEVELOPMENT | R40: IV. COMMUNITY RESPONSIBILITY | AC40: 0.3 | AE40: =AVERAGE(S43:S47) -> #DIV/0! | AU40: CERTIFIED CORRECT:
C41: Rating | D41: Rank | E41: 0.2 | I41: Ave. | J41: Rank | K41: Rater No. | O41: 0.3 | S41: Ave. | T41: Rank | U41: Rater No.
E42: =AVERAGE(C43:C47) -> #DIV/0! | K42: 1 | L42: 2 | M42: 3 | N42: 4 | O42: =AVERAGE(I43:I47) -> #DIV/0! | U42: 1 | V42: 2 | W42: 3 | X42: 4 | Y42: 5 | Z42: 6 | AA42: 7 | AB42: 8 | AC42: 9 | AD42: 10 | AE42: 11 | AF42: 12 | AI42: SUMMARY - RESEARCH
B43: 1 | D43: =RANK(C43,$C$43:$C$47) -> #N/A | H43: 1 | I43: =AVERAGE(K43:N43) -> #DIV/0! | J43: =RANK(I43,$I$43:$I$47) -> #DIV/0! | R43: 1 | S43: =AVERAGE(U43:AF43) -> #DIV/0! | T43: =RANK(S43,$S$43:$S$47) -> #DIV/0! | AI43: I. Clientele Satisfaction | AO43: =L9 -> #DIV/0! | AP43: =AO43*20 -> #DIV/0!
B44: 2 | D44: =RANK(C44,$C$43:$C$47) -> #N/A | H44: 2 | I44: =AVERAGE(K44:N44) -> #DIV/0! | J44: =RANK(I44,$I$43:$I$47) -> #DIV/0! | R44: 2 | S44: =AVERAGE(U44:AF44) -> #DIV/0! | T44: =RANK(S44,$S$43:$S$47) -> #DIV/0! | AI44: II. Leadership | AO44: =E42 -> #DIV/0! | AP44: =AO44*20 -> #DIV/0!
B45: 3 | D45: =RANK(C45,$C$43:$C$47) -> #N/A | H45: 3 | I45: =AVERAGE(K45:N45) -> #DIV/0! | J45: =RANK(I45,$I$43:$I$47) -> #DIV/0! | R45: 3 | S45: =AVERAGE(U45:AF45) -> #DIV/0! | T45: =RANK(S45,$S$43:$S$47) -> #DIV/0! | AI45: III. Partnership Development | AO45: =O42 -> #DIV/0! | AP45: =AO45*20 -> #DIV/0! | AU45: =TI!DZ75 -> DANIEL E. MALIGAT, JR., DIT
B46: 4 | D46: =RANK(C46,$C$43:$C$47) -> #N/A | H46: 4 | I46: =AVERAGE(K46:N46) -> #DIV/0! | J46: =RANK(I46,$I$43:$I$47) -> #DIV/0! | R46: 4 | S46: =AVERAGE(U46:AF46) -> #DIV/0! | T46: =RANK(S46,$S$43:$S$47) -> #DIV/0! | AI46: IV. Community Responsibility | AO46: =AE40 -> #DIV/0! | AP46: =AO46*20 -> #DIV/0! | AU46: =TI!DZ76 -> DEAN
B47: 5 | D47: =RANK(C47,$C$43:$C$47) -> #N/A | H47: 5 | I47: =AVERAGE(K47:N47) -> #DIV/0! | J47: =RANK(I47,$I$43:$I$47) -> #DIV/0! | R47: 5 | S47: =AVERAGE(U47:AF47) -> #DIV/0! | T47: =RANK(S47,$S$43:$S$47) -> #DIV/0!

Sheet TE
B1: Republic of the Philippines
B2: CAMARINES NORTE STATE COLLEGE
B3: Daet, Camarines Norte
B5: RATING - EXTENSION
B7: Name of Faculty: | F7: =TI!DC6:DM6 -> #VALUE! | AK7: Rating Period: | AP7: =TI!MG6:MO6 -> #VALUE!
B9: I. CLIENTELE SATISFACTION | J9: =TR!J9 -> 0.2 | L9: =AVERAGE(C12:C16) -> #DIV/0!
C10: Ave. | D10: Rank | E10: Rater No.
E11: 1 | F11: 2 | G11: 3 | H11: 4 | I11: 5 | J11: 6 | K11: 7 | L11: 8 | M11: 9 | N11: 10 | O11: 11 | P11: 12 | Q11: 13 | R11: 14 | S11: 15 | T11: 16 | U11: 17 | V11: 18 | W11: 19 | X11: 20 | Y11: 21 | Z11: 22 | AA11: 23 | AB11: 24 | AC11: 25 | AD11: 26 | AE11: 27 | AF11: 28 | AG11: 29 | AH11: 30 | AI11: 31 | AJ11: 32 | AK11: 33 | AL11: 34 | AM11: 35 | AN11: 36 | AO11: 37 | AP11: 38 | AQ11: 39 | AR11: 40 | AS11: 41 | AT11: 42 | AU11: 43 | AV11: 44 | AW11: 45 | AX11: 46 | AY11: 47 | AZ11: 48 | BA11: 49 | BB11: 50
B12: 1 | C12: =AVERAGE(E12:BB12,E19:BB19,E26:BB26,E33:BB33) -> #DIV/0! | D12: =RANK(C12,$C$12:$C$16) -> #DIV/0!
B13: 2 | C13: =AVERAGE(E13:BB13,E20:BB20,E27:BB27,E34:BB34) -> #DIV/0! | D13: =RANK(C13,$C$12:$C$16) -> #DIV/0!
B14: 3 | C14: =AVERAGE(E14:BB14,E21:BB21,E28:BB28,E35:BB35) -> #DIV/0! | D14: =RANK(C14,$C$12:$C$16) -> #DIV/0!
B15: 4 | C15: =AVERAGE(E15:BB15,E22:BB22,E29:BB29,E36:BB36) -> #DIV/0! | D15: =RANK(C15,$C$12:$C$16) -> #DIV/0!
B16: 5 | C16: =AVERAGE(E16:BB16,E23:BB23,E30:BB30,E37:BB37) -> #DIV/0! | D16: =RANK(C16,$C$12:$C$16) -> #DIV/0!
E17: Rater No.
E18: 51 | F18: 52 | G18: 53 | H18: 54 | I18: 55 | J18: 56 | K18: 57 | L18: 58 | M18: 59 | N18: 60 | O18: 61 | P18: 62 | Q18: 63 | R18: 64 | S18: 65 | T18: 66 | U18: 67 | V18: 68 | W18: 69 | X18: 70 | Y18: 71 | Z18: 72 | AA18: 73 | AB18: 74 | AC18: 75 | AD18: 76 | AE18: 77 | AF18: 78 | AG18: 79 | AH18: 80 | AI18: 81 | AJ18: 82 | AK18: 83 | AL18: 84 | AM18: 85 | AN18: 86 | AO18: 87 | AP18: 88 | AQ18: 89 | AR18: 90 | AS18: 91 | AT18: 92 | AU18: 93 | AV18: 94 | AW18: 95 | AX18: 96 | AY18: 97 | AZ18: 98 | BA18: 99 | BB18: 100
E24: Rater No.
E25: 101 | F25: 102 | G25: 103 | H25: 104 | I25: 105 | J25: 106 | K25: 107 | L25: 108 | M25: 109 | N25: 110 | O25: 111 | P25: 112 | Q25: 113 | R25: 114 | S25: 115 | T25: 116 | U25: 117 | V25: 118 | W25: 119 | X25: 120 | Y25: 121 | Z25: 122 | AA25: 123 | AB25: 124 | AC25: 125 | AD25: 126 | AE25: 127 | AF25: 128 | AG25: 129 | AH25: 130 | AI25: 131 | AJ25: 132 | AK25: 133 | AL25: 134 | AM25: 135 | AN25: 136 | AO25: 137 | AP25: 138 | AQ25: 139 | AR25: 140 | AS25: 141 | AT25: 142 | AU25: 143 | AV25: 144 | AW25: 145 | AX25: 146 | AY25: 147 | AZ25: 148 | BA25: 149 | BB25: 150
E31: Rater No.
E32: 151 | F32: 152 | G32: 153 | H32: 154 | I32: 155 | J32: 156 | K32: 157 | L32: 158 | M32: 159 | N32: 160 | O32: 161 | P32: 162 | Q32: 163 | R32: 164 | S32: 165 | T32: 166 | U32: 167 | V32: 168 | W32: 169 | X32: 170 | Y32: 171 | Z32: 172 | AA32: 173 | AB32: 174 | AC32: 175 | AD32: 176 | AE32: 177 | AF32: 178 | AG32: 179 | AH32: 180 | AI32: 181 | AJ32: 182 | AK32: 183 | AL32: 184 | AM32: 185 | AN32: 186 | AO32: 187 | AP32: 188 | AQ32: 189 | AR32: 190 | AS32: 191 | AT32: 192 | AU32: 193 | AV32: 194 | AW32: 195 | AX32: 196 | AY32: 197 | AZ32: 198 | BA32: 199 | BB32: 200
B40: II. LEADERSHIP | H40: III. PARTNERSHIP DEVELOPMENT | R40: IV. COMMUNITY RESPONSIBILITY | AC40: 0.3 | AE40: =AVERAGE(S43:S47) -> #DIV/0! | AU40: CERTIFIED CORRECT:
C41: Rating | D41: Rank | E41: 0.2 | I41: Ave. | J41: Rank | K41: Rater No. | O41: 0.3 | S41: Ave. | T41: Rank | U41: Rater No.
E42: =AVERAGE(C43:C47) -> #DIV/0! | K42: 1 | L42: 2 | M42: 3 | N42: 4 | O42: =AVERAGE(I43:I47) -> #DIV/0! | U42: 1 | V42: 2 | W42: 3 | X42: 4 | Y42: 5 | Z42: 6 | AA42: 7 | AB42: 8 | AC42: 9 | AD42: 10 | AE42: 11 | AF42: 12 | AI42: SUMMARY - EXTENSION
B43: 1 | D43: =RANK(C43,$C$43:$C$47) -> #N/A | H43: 1 | I43: =AVERAGE(K43:N43) -> #DIV/0! | J43: =RANK(I43,$I$43:$I$47) -> #DIV/0! | R43: 1 | S43: =AVERAGE(U43:AF43) -> #DIV/0! | T43: =RANK(S43,$S$43:$S$47) -> #DIV/0! | AI43: =TR!AI43 -> I. Clientele Satisfaction | AO43: =L9 -> #DIV/0! | AP43: =AO43*20 -> #DIV/0!
B44: 2 | D44: =RANK(C44,$C$43:$C$47) -> #N/A | H44: 2 | I44: =AVERAGE(K44:N44) -> #DIV/0! | J44: =RANK(I44,$I$43:$I$47) -> #DIV/0! | R44: 2 | S44: =AVERAGE(U44:AF44) -> #DIV/0! | T44: =RANK(S44,$S$43:$S$47) -> #DIV/0! | AI44: =TR!AI44 -> II. Leadership | AO44: =E42 -> #DIV/0! | AP44: =AO44*20 -> #DIV/0!
B45: 3 | D45: =RANK(C45,$C$43:$C$47) -> #N/A | H45: 3 | I45: =AVERAGE(K45:N45) -> #DIV/0! | J45: =RANK(I45,$I$43:$I$47) -> #DIV/0! | R45: 3 | S45: =AVERAGE(U45:AF45) -> #DIV/0! | T45: =RANK(S45,$S$43:$S$47) -> #DIV/0! | AI45: =TR!AI45 -> III. Partnership Development | AO45: =O42 -> #DIV/0! | AP45: =AO45*20 -> #DIV/0! | AU45: =TI!DZ75 -> DANIEL E. MALIGAT, JR., DIT
B46: 4 | D46: =RANK(C46,$C$43:$C$47) -> #N/A | H46: 4 | I46: =AVERAGE(K46:N46) -> #DIV/0! | J46: =RANK(I46,$I$43:$I$47) -> #DIV/0! | R46: 4 | S46: =AVERAGE(U46:AF46) -> #DIV/0! | T46: =RANK(S46,$S$43:$S$47) -> #DIV/0! | AI46: =TR!AI46 -> IV. Community Responsibility | AO46: =AE40 -> #DIV/0! | AP46: =AO46*20 -> #DIV/0! | AU46: =TI!DZ76 -> DEAN
B47: 5 | D47: =RANK(C47,$C$43:$C$47) -> #N/A | H47: 5 | I47: =AVERAGE(K47:N47) -> #DIV/0! | J47: =RANK(I47,$I$43:$I$47) -> #DIV/0! | R47: 5 | S47: =AVERAGE(U47:AF47) -> #DIV/0! | T47: =RANK(S47,$S$43:$S$47) -> #DIV/0!

Sheet TP
B1: Republic of the Philippines
B2: CAMARINES NORTE STATE COLLEGE
B3: Daet, Camarines Norte
B5: RATING - PRODUCTION
B7: Name of Faculty: | F7: =TI!DC6:DM6 -> #VALUE! | AK7: Rating Period: | AP7: =TI!MG6:MO6 -> #VALUE!
B9: I. CLIENTELE SATISFACTION | J9: =TR!J9 -> 0.2 | L9: =AVERAGE(C12:C16) -> #DIV/0!
C10: Ave. | D10: Rank | E10: Rater No.
E11: 1 | F11: 2 | G11: 3 | H11: 4 | I11: 5 | J11: 6 | K11: 7 | L11: 8 | M11: 9 | N11: 10 | O11: 11 | P11: 12 | Q11: 13 | R11: 14 | S11: 15 | T11: 16 | U11: 17 | V11: 18 | W11: 19 | X11: 20 | Y11: 21 | Z11: 22 | AA11: 23 | AB11: 24 | AC11: 25 | AD11: 26 | AE11: 27 | AF11: 28 | AG11: 29 | AH11: 30 | AI11: 31 | AJ11: 32 | AK11: 33 | AL11: 34 | AM11: 35 | AN11: 36 | AO11: 37 | AP11: 38 | AQ11: 39 | AR11: 40 | AS11: 41 | AT11: 42 | AU11: 43 | AV11: 44 | AW11: 45 | AX11: 46 | AY11: 47 | AZ11: 48 | BA11: 49 | BB11: 50
B12: 1 | C12: =AVERAGE(E12:BB12,E19:BB19,E26:BB26,E33:BB33) -> #DIV/0! | D12: =RANK(C12,$C$12:$C$16) -> #DIV/0!
B13: 2 | C13: =AVERAGE(E13:BB13,E20:BB20,E27:BB27,E34:BB34) -> #DIV/0! | D13: =RANK(C13,$C$12:$C$16) -> #DIV/0!
B14: 3 | C14: =AVERAGE(E14:BB14,E21:BB21,E28:BB28,E35:BB35) -> #DIV/0! | D14: =RANK(C14,$C$12:$C$16) -> #DIV/0!
B15: 4 | C15: =AVERAGE(E15:BB15,E22:BB22,E29:BB29,E36:BB36) -> #DIV/0! | D15: =RANK(C15,$C$12:$C$16) -> #DIV/0!
B16: 5 | C16: =AVERAGE(E16:BB16,E23:BB23,E30:BB30,E37:BB37) -> #DIV/0! | D16: =RANK(C16,$C$12:$C$16) -> #DIV/0!
E17: Rater No.
E18: 51 | F18: 52 | G18: 53 | H18: 54 | I18: 55 | J18: 56 | K18: 57 | L18: 58 | M18: 59 | N18: 60 | O18: 61 | P18: 62 | Q18: 63 | R18: 64 | S18: 65 | T18: 66 | U18: 67 | V18: 68 | W18: 69 | X18: 70 | Y18: 71 | Z18: 72 | AA18: 73 | AB18: 74 | AC18: 75 | AD18: 76 | AE18: 77 | AF18: 78 | AG18: 79 | AH18: 80 | AI18: 81 | AJ18: 82 | AK18: 83 | AL18: 84 | AM18: 85 | AN18: 86 | AO18: 87 | AP18: 88 | AQ18: 89 | AR18: 90 | AS18: 91 | AT18: 92 | AU18: 93 | AV18: 94 | AW18: 95 | AX18: 96 | AY18: 97 | AZ18: 98 | BA18: 99 | BB18: 100
E24: Rater No.
E25: 101 | F25: 102 | G25: 103 | H25: 104 | I25: 105 | J25: 106 | K25: 107 | L25: 108 | M25: 109 | N25: 110 | O25: 111 | P25: 112 | Q25: 113 | R25: 114 | S25: 115 | T25: 116 | U25: 117 | V25: 118 | W25: 119 | X25: 120 | Y25: 121 | Z25: 122 | AA25: 123 | AB25: 124 | AC25: 125 | AD25: 126 | AE25: 127 | AF25: 128 | AG25: 129 | AH25: 130 | AI25: 131 | AJ25: 132 | AK25: 133 | AL25: 134 | AM25: 135 | AN25: 136 | AO25: 137 | AP25: 138 | AQ25: 139 | AR25: 140 | AS25: 141 | AT25: 142 | AU25: 143 | AV25: 144 | AW25: 145 | AX25: 146 | AY25: 147 | AZ25: 148 | BA25: 149 | BB25: 150
E31: Rater No.
E32: 151 | F32: 152 | G32: 153 | H32: 154 | I32: 155 | J32: 156 | K32: 157 | L32: 158 | M32: 159 | N32: 160 | O32: 161 | P32: 162 | Q32: 163 | R32: 164 | S32: 165 | T32: 166 | U32: 167 | V32: 168 | W32: 169 | X32: 170 | Y32: 171 | Z32: 172 | AA32: 173 | AB32: 174 | AC32: 175 | AD32: 176 | AE32: 177 | AF32: 178 | AG32: 179 | AH32: 180 | AI32: 181 | AJ32: 182 | AK32: 183 | AL32: 184 | AM32: 185 | AN32: 186 | AO32: 187 | AP32: 188 | AQ32: 189 | AR32: 190 | AS32: 191 | AT32: 192 | AU32: 193 | AV32: 194 | AW32: 195 | AX32: 196 | AY32: 197 | AZ32: 198 | BA32: 199 | BB32: 200
B40: II. LEADERSHIP | H40: III. PARTNERSHIP DEVELOPMENT | R40: IV. COMMUNITY RESPONSIBILITY | AC40: 0.3 | AE40: =AVERAGE(S43:S47) -> #DIV/0! | AU40: CERTIFIED CORRECT:
C41: Rating | D41: Rank | E41: 0.2 | I41: Ave. | J41: Rank | K41: Rater No. | O41: 0.3 | S41: Ave. | T41: Rank | U41: Rater No.
E42: =AVERAGE(C43:C47) -> #DIV/0! | K42: 1 | L42: 2 | M42: 3 | N42: 4 | O42: =AVERAGE(I43:I47) -> #DIV/0! | U42: 1 | V42: 2 | W42: 3 | X42: 4 | Y42: 5 | Z42: 6 | AA42: 7 | AB42: 8 | AC42: 9 | AD42: 10 | AE42: 11 | AF42: 12 | AI42: SUMMARY - PRODUCTION
B43: 1 | D43: =RANK(C43,$C$43:$C$47) -> #N/A | H43: 1 | I43: =AVERAGE(K43:N43) -> #DIV/0! | J43: =RANK(I43,$I$43:$I$47) -> #DIV/0! | R43: 1 | S43: =AVERAGE(U43:AF43) -> #DIV/0! | T43: =RANK(S43,$S$43:$S$47) -> #DIV/0! | AI43: =TR!AI43 -> I. Clientele Satisfaction | AO43: =L9 -> #DIV/0! | AP43: =AO43*20 -> #DIV/0!
B44: 2 | D44: =RANK(C44,$C$43:$C$47) -> #N/A | H44: 2 | I44: =AVERAGE(K44:N44) -> #DIV/0! | J44: =RANK(I44,$I$43:$I$47) -> #DIV/0! | R44: 2 | S44: =AVERAGE(U44:AF44) -> #DIV/0! | T44: =RANK(S44,$S$43:$S$47) -> #DIV/0! | AI44: =TR!AI44 -> II. Leadership | AO44: =E42 -> #DIV/0! | AP44: =AO44*20 -> #DIV/0!
B45: 3 | D45: =RANK(C45,$C$43:$C$47) -> #N/A | H45: 3 | I45: =AVERAGE(K45:N45) -> #DIV/0! | J45: =RANK(I45,$I$43:$I$47) -> #DIV/0! | R45: 3 | S45: =AVERAGE(U45:AF45) -> #DIV/0! | T45: =RANK(S45,$S$43:$S$47) -> #DIV/0! | AI45: =TR!AI45 -> III. Partnership Development | AO45: =O42 -> #DIV/0! | AP45: =AO45*20 -> #DIV/0! | AU45: =TI!DZ75 -> DANIEL E. MALIGAT, JR., DIT
B46: 4 | D46: =RANK(C46,$C$43:$C$47) -> #N/A | H46: 4 | I46: =AVERAGE(K46:N46) -> #DIV/0! | J46: =RANK(I46,$I$43:$I$47) -> #DIV/0! | R46: 4 | S46: =AVERAGE(U46:AF46) -> #DIV/0! | T46: =RANK(S46,$S$43:$S$47) -> #DIV/0! | AI46: =TR!AI46 -> IV. Community Responsibility | AO46: =AE40 -> #DIV/0! | AP46: =AO46*20 -> #DIV/0! | AU46: =TI!DZ76 -> DEAN
B47: 5 | D47: =RANK(C47,$C$43:$C$47) -> #N/A | H47: 5 | I47: =AVERAGE(K47:N47) -> #DIV/0! | J47: =RANK(I47,$I$43:$I$47) -> #DIV/0! | R47: 5 | S47: =AVERAGE(U47:AF47) -> #DIV/0! | T47: =RANK(S47,$S$43:$S$47) -> #DIV/0!

Sheet 02A-S
B1: NBC 461- QCE FORM 02A
B4: CAMARINES NORTE STATE COLLEGE
B5: Daet, Camarines Norte
B7: SECTORAL FREQUENCY OF RATING PER AREA
B8: FOR INSTRUCTORS AND ASSISTANT PROFESSORS
C9: SECTORAL EVALUATOR | E9: STUDENTS
B12: NAME OF FACULTY | C12: =TI!DC6 -> ,
B13: RATING PERIOD | C13: =TI!MG6 -> 0
B15: INSTRUCTION
B16: I. COMMITMENT
B17: CRITERIA | C17: RATING SCALE (1-Lowest, 5-Highest) | H17: AVERAGE
B18: NUMBER | C18: 1 | D18: 2 | E18: 3 | F18: 4 | G18: 5 | H18: RATING
B19: 1 | C19: =COUNTIF(TI!$DC12:$EF12,"=1") -> 0 | D19: =COUNTIF(TI!$DC12:$EF12,"=2") -> 0 | E19: =COUNTIF(TI!$DC12:$EF12,"=3") -> 0 | F19: =COUNTIF(TI!$DC12:$EF12,"=4") -> 0 | G19: =COUNTIF(TI!$DC12:$EF12,"=5") -> 0 | H19: {=IF(SUM(C19:G19)=0,,SUM((C19:G19)*($C$18:$G$18))/SUM(C19:G19))} -> 0
B20: 2 | C20: =COUNTIF(TI!$DC13:$EF13,"=1") -> 0 | D20: =COUNTIF(TI!$DC13:$EF13,"=2") -> 0 | E20: =COUNTIF(TI!$DC13:$EF13,"=3") -> 0 | F20: =COUNTIF(TI!$DC13:$EF13,"=4") -> 0 | G20: =COUNTIF(TI!$DC13:$EF13,"=5") -> 0 | H20: {=IF(SUM(C20:G20)=0,,SUM((C20:G20)*($C$18:$G$18))/SUM(C20:G20))} -> 0
B21: 3 | C21: =COUNTIF(TI!$DC14:$EF14,"=1") -> 0 | D21: =COUNTIF(TI!$DC14:$EF14,"=2") -> 0 | E21: =COUNTIF(TI!$DC14:$EF14,"=3") -> 0 | F21: =COUNTIF(TI!$DC14:$EF14,"=4") -> 0 | G21: =COUNTIF(TI!$DC14:$EF14,"=5") -> 0 | H21: {=IF(SUM(C21:G21)=0,,SUM((C21:G21)*($C$18:$G$18))/SUM(C21:G21))} -> 0
B22: 4 | C22: =COUNTIF(TI!$DC15:$EF15,"=1") -> 0 | D22: =COUNTIF(TI!$DC15:$EF15,"=2") -> 0 | E22: =COUNTIF(TI!$DC15:$EF15,"=3") -> 0 | F22: =COUNTIF(TI!$DC15:$EF15,"=4") -> 0 | G22: =COUNTIF(TI!$DC15:$EF15,"=5") -> 0 | H22: {=IF(SUM(C22:G22)=0,,SUM((C22:G22)*($C$18:$G$18))/SUM(C22:G22))} -> 0
B23: 5 | C23: =COUNTIF(TI!$DC16:$EF16,"=1") -> 0 | D23: =COUNTIF(TI!$DC16:$EF16,"=2") -> 0 | E23: =COUNTIF(TI!$DC16:$EF16,"=3") -> 0 | F23: =COUNTIF(TI!$DC16:$EF16,"=4") -> 0 | G23: =COUNTIF(TI!$DC16:$EF16,"=5") -> 0 | H23: {=IF(SUM(C23:G23)=0,,SUM((C23:G23)*($C$18:$G$18))/SUM(C23:G23))} -> 0
B24: TOTAL AREA RATING | C24: =SUM(C19:C23)*C$18 -> 0 | D24: =SUM(D19:D23)*D$18 -> 0 | E24: =SUM(E19:E23)*E$18 -> 0 | F24: =SUM(F19:F23)*F$18 -> 0 | G24: =SUM(G19:G23)*G$18 -> 0 | H24: =SUM(H19:H23)*4 -> 0
B26: II. KNOWLEDGE OF SUBJECT
B27: 1 | C27: =COUNTIF(TI!$DC18:$EF18,"=1") -> 0 | D27: =COUNTIF(TI!$DC18:$EF18,"=2") -> 0 | E27: =COUNTIF(TI!$DC18:$EF18,"=3") -> 0 | F27: =COUNTIF(TI!$DC18:$EF18,"=4") -> 0 | G27: =COUNTIF(TI!$DC18:$EF18,"=5") -> 0 | H27: {=IF(SUM(C27:G27)=0,,SUM((C27:G27)*($C$18:$G$18))/SUM(C27:G27))} -> 0
B28: 2 | C28: =COUNTIF(TI!$DC19:$EF19,"=1") -> 0 | D28: =COUNTIF(TI!$DC19:$EF19,"=2") -> 0 | E28: =COUNTIF(TI!$DC19:$EF19,"=3") -> 0 | F28: =COUNTIF(TI!$DC19:$EF19,"=4") -> 0 | G28: =COUNTIF(TI!$DC19:$EF19,"=5") -> 0 | H28: {=IF(SUM(C28:G28)=0,,SUM((C28:G28)*($C$18:$G$18))/SUM(C28:G28))} -> 0
B29: 3 | C29: =COUNTIF(TI!$DC20:$EF20,"=1") -> 0 | D29: =COUNTIF(TI!$DC20:$EF20,"=2") -> 0 | E29: =COUNTIF(TI!$DC20:$EF20,"=3") -> 0 | F29: =COUNTIF(TI!$DC20:$EF20,"=4") -> 0 | G29: =COUNTIF(TI!$DC20:$EF20,"=5") -> 0 | H29: {=IF(SUM(C29:G29)=0,,SUM((C29:G29)*($C$18:$G$18))/SUM(C29:G29))} -> 0
B30: 4 | C30: =COUNTIF(TI!$DC21:$EF21,"=1") -> 0 | D30: =COUNTIF(TI!$DC21:$EF21,"=2") -> 0 | E30: =COUNTIF(TI!$DC21:$EF21,"=3") -> 0 | F30: =COUNTIF(TI!$DC21:$EF21,"=4") -> 0 | G30: =COUNTIF(TI!$DC21:$EF21,"=5") -> 0 | H30: {=IF(SUM(C30:G30)=0,,SUM((C30:G30)*($C$18:$G$18))/SUM(C30:G30))} -> 0
B31: 5 | C31: =COUNTIF(TI!$DC22:$EF22,"=1") -> 0 | D31: =COUNTIF(TI!$DC22:$EF22,"=2") -> 0 | E31: =COUNTIF(TI!$DC22:$EF22,"=3") -> 0 | F31: =COUNTIF(TI!$DC22:$EF22,"=4") -> 0 | G31: =COUNTIF(TI!$DC22:$EF22,"=5") -> 0 | H31: {=IF(SUM(C31:G31)=0,,SUM((C31:G31)*($C$18:$G$18))/SUM(C31:G31))} -> 0
B32: TOTAL AREA RATING | C32: =SUM(C27:C31)*C$18 -> 0 | D32: =SUM(D27:D31)*D$18 -> 0 | E32: =SUM(E27:E31)*E$18 -> 0 | F32: =SUM(F27:F31)*F$18 -> 0 | G32: =SUM(G27:G31)*G$18 -> 0 | H32: =SUM(H27:H31)*4 -> 0
B34: III. TEACHING FOR INDEPENDENT LEARNING
B35: 1 | C35: =COUNTIF(TI!$DC24:$EF24,"=1") -> 0 | D35: =COUNTIF(TI!$DC24:$EF24,"=2") -> 0 | E35: =COUNTIF(TI!$DC24:$EF24,"=3") -> 0 | F35: =COUNTIF(TI!$DC24:$EF24,"=4") -> 0 | G35: =COUNTIF(TI!$DC24:$EF24,"=5") -> 0 | H35: {=IF(SUM(C35:G35)=0,,SUM((C35:G35)*($C$18:$G$18))/SUM(C35:G35))} -> 0
B36: 2 | C36: =COUNTIF(TI!$DC25:$EF25,"=1") -> 0 | D36: =COUNTIF(TI!$DC25:$EF25,"=2") -> 0 | E36: =COUNTIF(TI!$DC25:$EF25,"=3") -> 0 | F36: =COUNTIF(TI!$DC25:$EF25,"=4") -> 0 | G36: =COUNTIF(TI!$DC25:$EF25,"=5") -> 0 | H36: {=IF(SUM(C36:G36)=0,,SUM((C36:G36)*($C$18:$G$18))/SUM(C36:G36))} -> 0
B37: 3 | C37: =COUNTIF(TI!$DC26:$EF26,"=1") -> 0 | D37: =COUNTIF(TI!$DC26:$EF26,"=2") -> 0 | E37: =COUNTIF(TI!$DC26:$EF26,"=3") -> 0 | F37: =COUNTIF(TI!$DC26:$EF26,"=4") -> 0 | G37: =COUNTIF(TI!$DC26:$EF26,"=5") -> 0 | H37: {=IF(SUM(C37:G37)=0,,SUM((C37:G37)*($C$18:$G$18))/SUM(C37:G37))} -> 0
B38: 4 | C38: =COUNTIF(TI!$DC27:$EF27,"=1") -> 0 | D38: =COUNTIF(TI!$DC27:$EF27,"=2") -> 0 | E38: =COUNTIF(TI!$DC27:$EF27,"=3") -> 0 | F38: =COUNTIF(TI!$DC27:$EF27,"=4") -> 0 | G38: =COUNTIF(TI!$DC27:$EF27,"=5") -> 0 | H38: {=IF(SUM(C38:G38)=0,,SUM((C38:G38)*($C$18:$G$18))/SUM(C38:G38))} -> 0
B39: 5 | C39: =COUNTIF(TI!$DC28:$EF28,"=1") -> 0 | D39: =COUNTIF(TI!$DC28:$EF28,"=2") -> 0 | E39: =COUNTIF(TI!$DC28:$EF28,"=3") -> 0 | F39: =COUNTIF(TI!$DC28:$EF28,"=4") -> 0 | G39: =COUNTIF(TI!$DC28:$EF28,"=5") -> 0 | H39: {=IF(SUM(C39:G39)=0,,SUM((C39:G39)*($C$18:$G$18))/SUM(C39:G39))} -> 0
B40: TOTAL AREA RATING | C40: =SUM(C35:C39)*C$18 -> 0 | D40: =SUM(D35:D39)*D$18 -> 0 | E40: =SUM(E35:E39)*E$18 -> 0 | F40: =SUM(F35:F39)*F$18 -> 0 | G40: =SUM(G35:G39)*G$18 -> 0 | H40: =SUM(H35:H39)*4 -> 0
B42: IV. MANAGEMENT OF LEARNING
B43: 1 | C43: =COUNTIF(TI!$DC30:$EF30,"=1") -> 0 | D43: =COUNTIF(TI!$DC30:$EF30,"=2") -> 0 | E43: =COUNTIF(TI!$DC30:$EF30,"=3") -> 0 | F43: =COUNTIF(TI!$DC30:$EF30,"=4") -> 0 | G43: =COUNTIF(TI!$DC30:$EF30,"=5") -> 0 | H43: {=IF(SUM(C43:G43)=0,,SUM((C43:G43)*($C$18:$G$18))/SUM(C43:G43))} -> 0
B44: 2 | C44: =COUNTIF(TI!$DC31:$EF31,"=1") -> 0 | D44: =COUNTIF(TI!$DC31:$EF31,"=2") -> 0 | E44: =COUNTIF(TI!$DC31:$EF31,"=3") -> 0 | F44: =COUNTIF(TI!$DC31:$EF31,"=4") -> 0 | G44: =COUNTIF(TI!$DC31:$EF31,"=5") -> 0 | H44: {=IF(SUM(C44:G44)=0,,SUM((C44:G44)*($C$18:$G$18))/SUM(C44:G44))} -> 0
B45: 3 | C45: =COUNTIF(TI!$DC32:$EF32,"=1") -> 0 | D45: =COUNTIF(TI!$DC32:$EF32,"=2") -> 0 | E45: =COUNTIF(TI!$DC32:$EF32,"=3") -> 0 | F45: =COUNTIF(TI!$DC32:$EF32,"=4") -> 0 | G45: =COUNTIF(TI!$DC32:$EF32,"=5") -> 0 | H45: {=IF(SUM(C45:G45)=0,,SUM((C45:G45)*($C$18:$G$18))/SUM(C45:G45))} -> 0
B46: 4 | C46: =COUNTIF(TI!$DC33:$EF33,"=1") -> 0 | D46: =COUNTIF(TI!$DC33:$EF33,"=2") -> 0 | E46: =COUNTIF(TI!$DC33:$EF33,"=3") -> 0 | F46: =COUNTIF(TI!$DC33:$EF33,"=4") -> 0 | G46: =COUNTIF(TI!$DC33:$EF33,"=5") -> 0 | H46: {=IF(SUM(C46:G46)=0,,SUM((C46:G46)*($C$18:$G$18))/SUM(C46:G46))} -> 0
B47: 5 | C47: =COUNTIF(TI!$DC34:$EF34,"=1") -> 0 | D47: =COUNTIF(TI!$DC34:$EF34,"=2") -> 0 | E47: =COUNTIF(TI!$DC34:$EF34,"=3") -> 0 | F47: =COUNTIF(TI!$DC34:$EF34,"=4") -> 0 | G47: =COUNTIF(TI!$DC34:$EF34,"=5") -> 0 | H47: {=IF(SUM(C47:G47)=0,,SUM((C47:G47)*($C$18:$G$18))/SUM(C47:G47))} -> 0
B48: TOTAL AREA RATING | C48: =SUM(C43:C47)*C$18 -> 0 | D48: =SUM(D43:D47)*D$18 -> 0 | E48: =SUM(E43:E47)*E$18 -> 0 | F48: =SUM(F43:F47)*F$18 -> 0 | G48: =SUM(G43:G47)*G$18 -> 0 | H48: =SUM(H43:H47)*4 -> 0
F54: =TI!DZ75 -> DANIEL E. MALIGAT, JR., DIT
F55: =TI!DZ76 -> DEAN

Sheet 02A-P
B1: NBC 461- QCE FORM 02A
B4: CAMARINES NORTE STATE COLLEGE
B5: Daet, Camarines Norte
B7: SECTORAL FREQUENCY OF RATING PER AREA
B8: FOR INSTRUCTORS AND ASSISTANT PROFESSORS
C9: SECTORAL EVALUATOR | E9: PEERS
B12: NAME OF FACULTY | C12: =TI!DC6 -> ,
B13: RATING PERIOD | C13: =TI!MG6 -> 0
B15: INSTRUCTION
B16: I. COMMITMENT
B17: CRITERIA | C17: RATING SCALE (1-Lowest, 5-Highest) | H17: AVERAGE
B18: NUMBER | C18: 1 | D18: 2 | E18: 3 | F18: 4 | G18: 5 | H18: RATING
B19: 1 | C19: =COUNTIF(TI!$MG12:$MP12,"=1") -> 0 | D19: =COUNTIF(TI!$MG12:$MP12,"=2") -> 0 | E19: =COUNTIF(TI!$MG12:$MP12,"=3") -> 0 | F19: =COUNTIF(TI!$MG12:$MP12,"=4") -> 0 | G19: =COUNTIF(TI!$MG12:$MP12,"=5") -> 0 | H19: {=IF(SUM(C19:G19)=0,,SUM((C19:G19)*($C$18:$G$18))/SUM(C19:G19))} -> 0
B20: 2 | C20: =COUNTIF(TI!$MG13:$MP13,"=1") -> 0 | D20: =COUNTIF(TI!$MG13:$MP13,"=2") -> 0 | E20: =COUNTIF(TI!$MG13:$MP13,"=3") -> 0 | F20: =COUNTIF(TI!$MG13:$MP13,"=4") -> 0 | G20: =COUNTIF(TI!$MG13:$MP13,"=5") -> 0 | H20: {=IF(SUM(C20:G20)=0,,SUM((C20:G20)*($C$18:$G$18))/SUM(C20:G20))} -> 0
B21: 3 | C21: =COUNTIF(TI!$MG14:$MP14,"=1") -> 0 | D21: =COUNTIF(TI!$MG14:$MP14,"=2") -> 0 | E21: =COUNTIF(TI!$MG14:$MP14,"=3") -> 0 | F21: =COUNTIF(TI!$MG14:$MP14,"=4") -> 0 | G21: =COUNTIF(TI!$MG14:$MP14,"=5") -> 0 | H21: {=IF(SUM(C21:G21)=0,,SUM((C21:G21)*($C$18:$G$18))/SUM(C21:G21))} -> 0
B22: 4 | C22: =COUNTIF(TI!$MG15:$MP15,"=1") -> 0 | D22: =COUNTIF(TI!$MG15:$MP15,"=2") -> 0 | E22: =COUNTIF(TI!$MG15:$MP15,"=3") -> 0 | F22: =COUNTIF(TI!$MG15:$MP15,"=4") -> 0 | G22: =COUNTIF(TI!$MG15:$MP15,"=5") -> 0 | H22: {=IF(SUM(C22:G22)=0,,SUM((C22:G22)*($C$18:$G$18))/SUM(C22:G22))} -> 0
B23: 5 | C23: =COUNTIF(TI!$MG16:$MP16,"=1") -> 0 | D23: =COUNTIF(TI!$MG16:$MP16,"=2") -> 0 | E23: =COUNTIF(TI!$MG16:$MP16,"=3") -> 0 | F23: =COUNTIF(TI!$MG16:$MP16,"=4") -> 0 | G23: =COUNTIF(TI!$MG16:$MP16,"=5") -> 0 | H23: {=IF(SUM(C23:G23)=0,,SUM((C23:G23)*($C$18:$G$18))/SUM(C23:G23))} -> 0
B24: TOTAL AREA RATING | C24: =SUM(C19:C23)*C$18 -> 0 | D24: =SUM(D19:D23)*D$18 -> 0 | E24: =SUM(E19:E23)*E$18 -> 0 | F24: =SUM(F19:F23)*F$18 -> 0 | G24: =SUM(G19:G23)*G$18 -> 0 | H24: =SUM(H19:H23)*4 -> 0
B26: II. KNOWLEDGE OF SUBJECT
B27: 1 | C27: =COUNTIF(TI!$MG18:$MP18,"=1") -> 0 | D27: =COUNTIF(TI!$MG18:$MP18,"=2") -> 0 | E27: =COUNTIF(TI!$MG18:$MP18,"=3") -> 0 | F27: =COUNTIF(TI!$MG18:$MP18,"=4") -> 0 | G27: =COUNTIF(TI!$MG18:$MP18,"=5") -> 0 | H27: {=IF(SUM(C27:G27)=0,,SUM((C27:G27)*($C$18:$G$18))/SUM(C27:G27))} -> 0
B28: 2 | C28: =COUNTIF(TI!$MG19:$MP19,"=1") -> 0 | D28: =COUNTIF(TI!$MG19:$MP19,"=2") -> 0 | E28: =COUNTIF(TI!$MG19:$MP19,"=3") -> 0 | F28: =COUNTIF(TI!$MG19:$MP19,"=4") -> 0 | G28: =COUNTIF(TI!$MG19:$MP19,"=5") -> 0 | H28: {=IF(SUM(C28:G28)=0,,SUM((C28:G28)*($C$18:$G$18))/SUM(C28:G28))} -> 0
B29: 3 | C29: =COUNTIF(TI!$MG20:$MP20,"=1") -> 0 | D29: =COUNTIF(TI!$MG20:$MP20,"=2") -> 0 | E29: =COUNTIF(TI!$MG20:$MP20,"=3") -> 0 | F29: =COUNTIF(TI!$MG20:$MP20,"=4") -> 0 | G29: =COUNTIF(TI!$MG20:$MP20,"=5") -> 0 | H29: {=IF(SUM(C29:G29)=0,,SUM((C29:G29)*($C$18:$G$18))/SUM(C29:G29))} -> 0
B30: 4 | C30: =COUNTIF(TI!$MG21:$MP21,"=1") -> 0 | D30: =COUNTIF(TI!$MG21:$MP21,"=2") -> 0 | E30: =COUNTIF(TI!$MG21:$MP21,"=3") -> 0 | F30: =COUNTIF(TI!$MG21:$MP21,"=4") -> 0 | G30: =COUNTIF(TI!$MG21:$MP21,"=5") -> 0 | H30: {=IF(SUM(C30:G30)=0,,SUM((C30:G30)*($C$18:$G$18))/SUM(C30:G30))} -> 0
B31: 5 | C31: =COUNTIF(TI!$MG22:$MP22,"=1") -> 0 | D31: =COUNTIF(TI!$MG22:$MP22,"=2") -> 0 | E31: =COUNTIF(TI!$MG22:$MP22,"=3") -> 0 | F31: =COUNTIF(TI!$MG22:$MP22,"=4") -> 0 | G31: =COUNTIF(TI!$MG22:$MP22,"=5") -> 0 | H31: {=IF(SUM(C31:G31)=0,,SUM((C31:G31)*($C$18:$G$18))/SUM(C31:G31))} -> 0
B32: TOTAL AREA RATING | C32: =SUM(C27:C31)*C$18 -> 0 | D32: =SUM(D27:D31)*D$18 -> 0 | E32: =SUM(E27:E31)*E$18 -> 0 | F32: =SUM(F27:F31)*F$18 -> 0 | G32: =SUM(G27:G31)*G$18 -> 0 | H32: =SUM(H27:H31)*4 -> 0
B34: III. TEACHING FOR INDEPENDENT LEARNING
B35: 1 | C35: =COUNTIF(TI!$MG24:$MP24,"=1") -> 0 | D35: =COUNTIF(TI!$MG24:$MP24,"=2") -> 0 | E35: =COUNTIF(TI!$MG24:$MP24,"=3") -> 0 | F35: =COUNTIF(TI!$MG24:$MP24,"=4") -> 0 | G35: =COUNTIF(TI!$MG24:$MP24,"=5") -> 0 | H35: {=IF(SUM(C35:G35)=0,,SUM((C35:G35)*($C$18:$G$18))/SUM(C35:G35))} -> 0
B36: 2 | C36: =COUNTIF(TI!$MG25:$MP25,"=1") -> 0 | D36: =COUNTIF(TI!$MG25:$MP25,"=2") -> 0 | E36: =COUNTIF(TI!$MG25:$MP25,"=3") -> 0 | F36: =COUNTIF(TI!$MG25:$MP25,"=4") -> 0 | G36: =COUNTIF(TI!$MG25:$MP25,"=5") -> 0 | H36: {=IF(SUM(C36:G36)=0,,SUM((C36:G36)*($C$18:$G$18))/SUM(C36:G36))} -> 0
B37: 3 | C37: =COUNTIF(TI!$MG26:$MP26,"=1") -> 0 | D37: =COUNTIF(TI!$MG26:$MP26,"=2") -> 0 | E37: =COUNTIF(TI!$MG26:$MP26,"=3") -> 0 | F37: =COUNTIF(TI!$MG26:$MP26,"=4") -> 0 | G37: =COUNTIF(TI!$MG26:$MP26,"=5") -> 0 | H37: {=IF(SUM(C37:G37)=0,,SUM((C37:G37)*($C$18:$G$18))/SUM(C37:G37))} -> 0
B38: 4 | C38: =COUNTIF(TI!$MG27:$MP27,"=1") -> 0 | D38: =COUNTIF(TI!$MG27:$MP27,"=2") -> 0 | E38: =COUNTIF(TI!$MG27:$MP27,"=3") -> 0 | F38: =COUNTIF(TI!$MG27:$MP27,"=4") -> 0 | G38: =COUNTIF(TI!$MG27:$MP27,"=5") -> 0 | H38: {=IF(SUM(C38:G38)=0,,SUM((C38:G38)*($C$18:$G$18))/SUM(C38:G38))} -> 0
B39: 5 | C39: =COUNTIF(TI!$MG28:$MP28,"=1") -> 0 | D39: =COUNTIF(TI!$MG28:$MP28,"=2") -> 0 | E39: =COUNTIF(TI!$MG28:$MP28,"=3") -> 0 | F39: =COUNTIF(TI!$MG28:$MP28,"=4") -> 0 | G39: =COUNTIF(TI!$MG28:$MP28,"=5") -> 0 | H39: {=IF(SUM(C39:G39)=0,,SUM((C39:G39)*($C$18:$G$18))/SUM(C39:G39))} -> 0
B40: TOTAL AREA RATING | C40: =SUM(C35:C39)*C$18 -> 0 | D40: =SUM(D35:D39)*D$18 -> 0 | E40: =SUM(E35:E39)*E$18 -> 0 | F40: =SUM(F35:F39)*F$18 -> 0 | G40: =SUM(G35:G39)*G$18 -> 0 | H40: =SUM(H35:H39)*4 -> 0
B42: IV. MANAGEMENT OF LEARNING
B43: 1 | C43: =COUNTIF(TI!$MG30:$MP30,"=1") -> 0 | D43: =COUNTIF(TI!$MG30:$MP30,"=2") -> 0 | E43: =COUNTIF(TI!$MG30:$MP30,"=3") -> 0 | F43: =COUNTIF(TI!$MG30:$MP30,"=4") -> 0 | G43: =COUNTIF(TI!$MG30:$MP30,"=5") -> 0 | H43: {=IF(SUM(C43:G43)=0,,SUM((C43:G43)*($C$18:$G$18))/SUM(C43:G43))} -> 0
B44: 2 | C44: =COUNTIF(TI!$MG31:$MP31,"=1") -> 0 | D44: =COUNTIF(TI!$MG31:$MP31,"=2") -> 0 | E44: =COUNTIF(TI!$MG31:$MP31,"=3") -> 0 | F44: =COUNTIF(TI!$MG31:$MP31,"=4") -> 0 | G44: =COUNTIF(TI!$MG31:$MP31,"=5") -> 0 | H44: {=IF(SUM(C44:G44)=0,,SUM((C44:G44)*($C$18:$G$18))/SUM(C44:G44))} -> 0
B45: 3 | C45: =COUNTIF(TI!$MG32:$MP32,"=1") -> 0 | D45: =COUNTIF(TI!$MG32:$MP32,"=2") -> 0 | E45: =COUNTIF(TI!$MG32:$MP32,"=3") -> 0 | F45: =COUNTIF(TI!$MG32:$MP32,"=4") -> 0 | G45: =COUNTIF(TI!$MG32:$MP32,"=5") -> 0 | H45: {=IF(SUM(C45:G45)=0,,SUM((C45:G45)*($C$18:$G$18))/SUM(C45:G45))} -> 0
B46: 4 | C46: =COUNTIF(TI!$MG33:$MP33,"=1") -> 0 | D46: =COUNTIF(TI!$MG33:$MP33,"=2") -> 0 | E46: =COUNTIF(TI!$MG33:$MP33,"=3") -> 0 | F46: =COUNTIF(TI!$MG33:$MP33,"=4") -> 0 | G46: =COUNTIF(TI!$MG33:$MP33,"=5") -> 0 | H46: {=IF(SUM(C46:G46)=0,,SUM((C46:G46)*($C$18:$G$18))/SUM(C46:G46))} -> 0
B47: 5 | C47: =COUNTIF(TI!$MG34:$MP34,"=1") -> 0 | D47: =COUNTIF(TI!$MG34:$MP34,"=2") -> 0 | E47: =COUNTIF(TI!$MG34:$MP34,"=3") -> 0 | F47: =COUNTIF(TI!$MG34:$MP34,"=4") -> 0 | G47: =COUNTIF(TI!$MG34:$MP34,"=5") -> 0 | H47: {=IF(SUM(C47:G47)=0,,SUM((C47:G47)*($C$18:$G$18))/SUM(C47:G47))} -> 0
B48: TOTAL AREA RATING | C48: =SUM(C43:C47)*C$18 -> 0 | D48: =SUM(D43:D47)*D$18 -> 0 | E48: =SUM(E43:E47)*E$18 -> 0 | F48: =SUM(F43:F47)*F$18 -> 0 | G48: =SUM(G43:G47)*G$18 -> 0 | H48: =SUM(H43:H47)*4 -> 0
F54: =TI!DZ75 -> DANIEL E. MALIGAT, JR., DIT
F55: =TI!DZ76 -> DEAN

Sheet 02B-Res
B1: NBC 461- QCE FORM 02B
B4: CAMARINES NORTE STATE COLLEGE
B5: Daet, Camarines Norte
B7: SECTORAL FREQUENCY OF RATING PER AREA
B8: FOR ASSOCIATE PROFESSORS AND FULL PROFESSORS
C9: SECTORAL EVALUATOR
B12: NAME OF FACULTY | C12: =TI!DC6 -> ,
B13: RATING PERIOD | C13: =TI!MG6 -> 0
B15: RESEARCH
B16: I. CLIENTELE SATISFACTION | D16: =TR!J9 -> 0.2
B17: CRITERIA | C17: RATING SCALE (1-Lowest, 5-Highest) | H17: AVERAGE
B18: NUMBER | C18: 1 | D18: 2 | E18: 3 | F18: 4 | G18: 5 | H18: RATING
B19: 1 | C19: =COUNTIF(TR!$E12:$BB12,"=1")+COUNTIF(TR!$E19:$BB19,"=1")+COUNTIF(TR!$E26:$BB26,"=1")+COUNTIF(TR!$E33:$BB33,"=1") -> 0 | D19: =COUNTIF(TR!$E12:$BB12,"=2")+COUNTIF(TR!$E19:$BB19,"=2")+COUNTIF(TR!$E26:$BB26,"=2")+COUNTIF(TR!$E33:$BB33,"=2") -> 0 | E19: =COUNTIF(TR!$E12:$BB12,"=3")+COUNTIF(TR!$E19:$BB19,"=3")+COUNTIF(TR!$E26:$BB26,"=3")+COUNTIF(TR!$E33:$BB33,"=3") -> 0 | F19: =COUNTIF(TR!$E12:$BB12,"=4")+COUNTIF(TR!$E19:$BB19,"=4")+COUNTIF(TR!$E26:$BB26,"=4")+COUNTIF(TR!$E33:$BB33,"=4") -> 0 | G19: =COUNTIF(TR!$E12:$BB12,"=5")+COUNTIF(TR!$E19:$BB19,"=5")+COUNTIF(TR!$E26:$BB26,"=5")+COUNTIF(TR!$E33:$BB33,"=5") -> 0 | H19: {=IF(SUM(C19:G19)=0,,SUM((C19:G19)*($C$18:$G$18))/SUM(C19:G19))} -> 0
B20: 2 | C20: =COUNTIF(TR!$E13:$BB13,"=1")+COUNTIF(TR!$E20:$BB20,"=1")+COUNTIF(TR!$E27:$BB27,"=1")+COUNTIF(TR!$E34:$BB34,"=1") -> 0 | D20: =COUNTIF(TR!$E13:$BB13,"=2")+COUNTIF(TR!$E20:$BB20,"=2")+COUNTIF(TR!$E27:$BB27,"=2")+COUNTIF(TR!$E34:$BB34,"=2") -> 0 | E20: =COUNTIF(TR!$E13:$BB13,"=3")+COUNTIF(TR!$E20:$BB20,"=3")+COUNTIF(TR!$E27:$BB27,"=3")+COUNTIF(TR!$E34:$BB34,"=3") -> 0 | F20: =COUNTIF(TR!$E13:$BB13,"=4")+COUNTIF(TR!$E20:$BB20,"=4")+COUNTIF(TR!$E27:$BB27,"=4")+COUNTIF(TR!$E34:$BB34,"=4") -> 0 | G20: =COUNTIF(TR!$E13:$BB13,"=5")+COUNTIF(TR!$E20:$BB20,"=5")+COUNTIF(TR!$E27:$BB27,"=5")+COUNTIF(TR!$E34:$BB34,"=5") -> 0 | H20: {=IF(SUM(C20:G20)=0,,SUM((C20:G20)*($C$18:$G$18))/SUM(C20:G20))} -> 0
B21: 3 | C21: =COUNTIF(TR!$E14:$BB14,"=1")+COUNTIF(TR!$E21:$BB21,"=1")+COUNTIF(TR!$E28:$BB28,"=1")+COUNTIF(TR!$E35:$BB35,"=1") -> 0 | D21: =COUNTIF(TR!$E14:$BB14,"=2")+COUNTIF(TR!$E21:$BB21,"=2")+COUNTIF(TR!$E28:$BB28,"=2")+COUNTIF(TR!$E35:$BB35,"=2") -> 0 | E21: =COUNTIF(TR!$E14:$BB14,"=3")+COUNTIF(TR!$E21:$BB21,"=3")+COUNTIF(TR!$E28:$BB28,"=3")+COUNTIF(TR!$E35:$BB35,"=3") -> 0 | F21: =COUNTIF(TR!$E14:$BB14,"=4")+COUNTIF(TR!$E21:$BB21,"=4")+COUNTIF(TR!$E28:$BB28,"=4")+COUNTIF(TR!$E35:$BB35,"=4") -> 0 | G21: =COUNTIF(TR!$E14:$BB14,"=5")+COUNTIF(TR!$E21:$BB21,"=5")+COUNTIF(TR!$E28:$BB28,"=5")+COUNTIF(TR!$E35:$BB35,"=5") -> 0 | H21: {=IF(SUM(C21:G21)=0,,SUM((C21:G21)*($C$18:$G$18))/SUM(C21:G21))} -> 0
B22: 4 | C22: =COUNTIF(TR!$E15:$BB15,"=1")+COUNTIF(TR!$E22:$BB22,"=1")+COUNTIF(TR!$E29:$BB29,"=1")+COUNTIF(TR!$E36:$BB36,"=1") -> 0 | D22: =COUNTIF(TR!$E15:$BB15,"=2")+COUNTIF(TR!$E22:$BB22,"=2")+COUNTIF(TR!$E29:$BB29,"=2")+COUNTIF(TR!$E36:$BB36,"=2") -> 0 | E22: =COUNTIF(TR!$E15:$BB15,"=3")+COUNTIF(TR!$E22:$BB22,"=3")+COUNTIF(TR!$E29:$BB29,"=3")+COUNTIF(TR!$E36:$BB36,"=3") -> 0 | F22: =COUNTIF(TR!$E15:$BB15,"=4")+COUNTIF(TR!$E22:$BB22,"=4")+COUNTIF(TR!$E29:$BB29,"=4")+COUNTIF(TR!$E36:$BB36,"=4") -> 0 | G22: =COUNTIF(TR!$E15:$BB15,"=5")+COUNTIF(TR!$E22:$BB22,"=5")+COUNTIF(TR!$E29:$BB29,"=5")+COUNTIF(TR!$E36:$BB36,"=5") -> 0 | H22: {=IF(SUM(C22:G22)=0,,SUM((C22:G22)*($C$18:$G$18))/SUM(C22:G22))} -> 0
B23: 5 | C23: =COUNTIF(TR!$E16:$BB16,"=1")+COUNTIF(TR!$E23:$BB23,"=1")+COUNTIF(TR!$E30:$BB30,"=1")+COUNTIF(TR!$E37:$BB37,"=1") -> 0 | D23: =COUNTIF(TR!$E16:$BB16,"=2")+COUNTIF(TR!$E23:$BB23,"=2")+COUNTIF(TR!$E30:$BB30,"=2")+COUNTIF(TR!$E37:$BB37,"=2") -> 0 | E23: =COUNTIF(TR!$E16:$BB16,"=3")+COUNTIF(TR!$E23:$BB23,"=3")+COUNTIF(TR!$E30:$BB30,"=3")+COUNTIF(TR!$E37:$BB37,"=3") -> 0 | F23: =COUNTIF(TR!$E16:$BB16,"=4")+COUNTIF(TR!$E23:$BB23,"=4")+COUNTIF(TR!$E30:$BB30,"=4")+COUNTIF(TR!$E37:$BB37,"=4") -> 0 | G23: =COUNTIF(TR!$E16:$BB16,"=5")+COUNTIF(TR!$E23:$BB23,"=5")+COUNTIF(TR!$E30:$BB30,"=5")+COUNTIF(TR!$E37:$BB37,"=5") -> 0 | H23: {=IF(SUM(C23:G23)=0,,SUM((C23:G23)*($C$18:$G$18))/SUM(C23:G23))} -> 0
B24: TOTAL AREA RATING | C24: =SUM(C19:C23)*C$18 -> 0 | D24: =SUM(D19:D23)*D$18 -> 0 | E24: =SUM(E19:E23)*E$18 -> 0 | F24: =SUM(F19:F23)*F$18 -> 0 | G24: =SUM(G19:G23)*G$18 -> 0 | H24: =SUM(H19:H23)*4 -> 0
B26: II. LEADERSHIP | D26: =TR!E41 -> 0.2
B27: 1 | C27: =COUNTIF(TR!$C43,"=1") -> 0 | D27: =COUNTIF(TR!$C43,"=2") -> 0 | E27: =COUNTIF(TR!$C43,"=3") -> 0 | F27: =COUNTIF(TR!$C43,"=4") -> 0 | G27: =COUNTIF(TR!$C43,"=5") -> 0 | H27: {=IF(SUM(C27:G27)=0,,SUM((C27:G27)*($C$18:$G$18))/SUM(C27:G27))} -> 0
B28: 2 | C28: =COUNTIF(TR!$C44,"=1") -> 0 | D28: =COUNTIF(TR!$C44,"=2") -> 0 | E28: =COUNTIF(TR!$C44,"=3") -> 0 | F28: =COUNTIF(TR!$C44,"=4") -> 0 | G28: =COUNTIF(TR!$C44,"=5") -> 0 | H28: {=IF(SUM(C28:G28)=0,,SUM((C28:G28)*($C$18:$G$18))/SUM(C28:G28))} -> 0
B29: 3 | C29: =COUNTIF(TR!$C45,"=1") -> 0 | D29: =COUNTIF(TR!$C45,"=2") -> 0 | E29: =COUNTIF(TR!$C45,"=3") -> 0 | F29: =COUNTIF(TR!$C45,"=4") -> 0 | G29: =COUNTIF(TR!$C45,"=5") -> 0 | H29: {=IF(SUM(C29:G29)=0,,SUM((C29:G29)*($C$18:$G$18))/SUM(C29:G29))} -> 0
B30: 4 | C30: =COUNTIF(TR!$C46,"=1") -> 0 | D30: =COUNTIF(TR!$C46,"=2") -> 0 | E30: =COUNTIF(TR!$C46,"=3") -> 0 | F30: =COUNTIF(TR!$C46,"=4") -> 0 | G30: =COUNTIF(TR!$C46,"=5") -> 0 | H30: {=IF(SUM(C30:G30)=0,,SUM((C30:G30)*($C$18:$G$18))/SUM(C30:G30))} -> 0
B31: 5 | C31: =COUNTIF(TR!$C47,"=1") -> 0 | D31: =COUNTIF(TR!$C47,"=2") -> 0 | E31: =COUNTIF(TR!$C47,"=3") -> 0 | F31: =COUNTIF(TR!$C47,"=4") -> 0 | G31: =COUNTIF(TR!$C47,"=5") -> 0 | H31: {=IF(SUM(C31:G31)=0,,SUM((C31:G31)*($C$18:$G$18))/SUM(C31:G31))} -> 0
B32: TOTAL AREA RATING | C32: =SUM(C27:C31)*C$18 -> 0 | D32: =SUM(D27:D31)*D$18 -> 0 | E32: =SUM(E27:E31)*E$18 -> 0 | F32: =SUM(F27:F31)*F$18 -> 0 | G32: =SUM(G27:G31)*G$18 -> 0 | H32: =SUM(H27:H31)*4 -> 0
B34: III. PARTNERSHIP DEVELOPMENT | D34: =TR!O41 -> 0.3
B35: 1 | C35: =COUNTIF(TR!$K43:$Q43,"=1") -> 0 | D35: =COUNTIF(TR!$K43:$Q43,"=2") -> 0 | E35: =COUNTIF(TR!$K43:$Q43,"=3") -> 0 | F35: =COUNTIF(TR!$K43:$Q43,"=4") -> 0 | G35: =COUNTIF(TR!$K43:$Q43,"=5") -> 0 | H35: {=IF(SUM(C35:G35)=0,,SUM((C35:G35)*($C$18:$G$18))/SUM(C35:G35))} -> 0
B36: 2 | C36: =COUNTIF(TR!$K44:$Q44,"=1") -> 0 | D36: =COUNTIF(TR!$K44:$Q44,"=2") -> 0 | E36: =COUNTIF(TR!$K44:$Q44,"=3") -> 0 | F36: =COUNTIF(TR!$K44:$Q44,"=4") -> 0 | G36: =COUNTIF(TR!$K44:$Q44,"=5") -> 0 | H36: {=IF(SUM(C36:G36)=0,,SUM((C36:G36)*($C$18:$G$18))/SUM(C36:G36))} -> 0
B37: 3 | C37: =COUNTIF(TR!$K45:$Q45,"=1") -> 0 | D37: =COUNTIF(TR!$K45:$Q45,"=2") -> 0 | E37: =COUNTIF(TR!$K45:$Q45,"=3") -> 0 | F37: =COUNTIF(TR!$K45:$Q45,"=4") -> 0 | G37: =COUNTIF(TR!$K45:$Q45,"=5") -> 0 | H37: {=IF(SUM(C37:G37)=0,,SUM((C37:G37)*($C$18:$G$18))/SUM(C37:G37))} -> 0
B38: 4 | C38: =COUNTIF(TR!$K46:$Q46,"=1") -> 0 | D38: =COUNTIF(TR!$K46:$Q46,"=2") -> 0 | E38: =COUNTIF(TR!$K46:$Q46,"=3") -> 0 | F38: =COUNTIF(TR!$K46:$Q46,"=4") -> 0 | G38: =COUNTIF(TR!$K46:$Q46,"=5") -> 0 | H38: {=IF(SUM(C38:G38)=0,,SUM((C38:G38)*($C$18:$G$18))/SUM(C38:G38))} -> 0
B39: 5 | C39: =COUNTIF(TR!$K47:$Q47,"=1") -> 0 | D39: =COUNTIF(TR!$K47:$Q47,"=2") -> 0 | E39: =COUNTIF(TR!$K47:$Q47,"=3") -> 0 | F39: =COUNTIF(TR!$K47:$Q47,"=4") -> 0 | G39: =COUNTIF(TR!$K47:$Q47,"=5") -> 0 | H39: {=IF(SUM(C39:G39)=0,,SUM((C39:G39)*($C$18:$G$18))/SUM(C39:G39))} -> 0
B40: TOTAL AREA RATING | C40: =SUM(C35:C39)*C$18 -> 0 | D40: =SUM(D35:D39)*D$18 -> 0 | E40: =SUM(E35:E39)*E$18 -> 0 | F40: =SUM(F35:F39)*F$18 -> 0 | G40: =SUM(G35:G39)*G$18 -> 0 | H40: =SUM(H35:H39)*4 -> 0
B42: IV. COMMUNITY RESPONSIBILITY | D42: =TR!AC40 -> 0.3
B43: 1 | C43: =COUNTIF(TR!$U43:$AF43,"=1") -> 0 | D43: =COUNTIF(TR!$U43:$AF43,"=2") -> 0 | E43: =COUNTIF(TR!$U43:$AF43,"=3") -> 0 | F43: =COUNTIF(TR!$U43:$AF43,"=4") -> 0 | G43: =COUNTIF(TR!$U43:$AF43,"=5") -> 0 | H43: {=IF(SUM(C43:G43)=0,,SUM((C43:G43)*($C$18:$G$18))/SUM(C43:G43))} -> 0
B44: 2 | C44: =COUNTIF(TR!$U44:$AF44,"=1") -> 0 | D44: =COUNTIF(TR!$U44:$AF44,"=2") -> 0 | E44: =COUNTIF(TR!$U44:$AF44,"=3") -> 0 | F44: =COUNTIF(TR!$U44:$AF44,"=4") -> 0 | G44: =COUNTIF(TR!$U44:$AF44,"=5") -> 0 | H44: {=IF(SUM(C44:G44)=0,,SUM((C44:G44)*($C$18:$G$18))/SUM(C44:G44))} -> 0
B45: 3 | C45: =COUNTIF(TR!$U45:$AF45,"=1") -> 0 | D45: =COUNTIF(TR!$U45:$AF45,"=2") -> 0 | E45: =COUNTIF(TR!$U45:$AF45,"=3") -> 0 | F45: =COUNTIF(TR!$U45:$AF45,"=4") -> 0 | G45: =COUNTIF(TR!$U45:$AF45,"=5") -> 0 | H45: {=IF(SUM(C45:G45)=0,,SUM((C45:G45)*($C$18:$G$18))/SUM(C45:G45))} -> 0
B46: 4 | C46: =COUNTIF(TR!$U46:$AF46,"=1") -> 0 | D46: =COUNTIF(TR!$U46:$AF46,"=2") -> 0 | E46: =COUNTIF(TR!$U46:$AF46,"=3") -> 0 | F46: =COUNTIF(TR!$U46:$AF46,"=4") -> 0 | G46: =COUNTIF(TR!$U46:$AF46,"=5") -> 0 | H46: {=IF(SUM(C46:G46)=0,,SUM((C46:G46)*($C$18:$G$18))/SUM(C46:G46))} -> 0
B47: 5 | C47: =COUNTIF(TR!$U47:$AF47,"=1") -> 0 | D47: =COUNTIF(TR!$U47:$AF47,"=2") -> 0 | E47: =COUNTIF(TR!$U47:$AF47,"=3") -> 0 | F47: =COUNTIF(TR!$U47:$AF47,"=4") -> 0 | G47: =COUNTIF(TR!$U47:$AF47,"=5") -> 0 | H47: {=IF(SUM(C47:G47)=0,,SUM((C47:G47)*($C$18:$G$18))/SUM(C47:G47))} -> 0
B48: TOTAL AREA RATING | C48: =SUM(C43:C47)*C$18 -> 0 | D48: =SUM(D43:D47)*D$18 -> 0 | E48: =SUM(E43:E47)*E$18 -> 0 | F48: =SUM(F43:F47)*F$18 -> 0 | G48: =SUM(G43:G47)*G$18 -> 0 | H48: =SUM(H43:H47)*4 -> 0
F54: =TI!DZ75 -> DANIEL E. MALIGAT, JR., DIT
F55: =TI!DZ76 -> DEAN

Sheet 02B-Ext
B1: NBC 461- QCE FORM 02B
B4: CAMARINES NORTE STATE COLLEGE
B5: Daet, Camarines Norte
B7: SECTORAL FREQUENCY OF RATING PER AREA
B8: FOR ASSOCIATE PROFESSORS AND FULL PROFESSORS
C9: SECTORAL EVALUATOR
B12: NAME OF FACULTY | C12: =TI!DC6 -> ,
B13: RATING PERIOD | C13: =TI!MG6 -> 0
B15: EXTENSION
B16: I. CLIENTELE SATISFACTION | D16: =TE!J9 -> 0.2
B17: CRITERIA | C17: RATING SCALE (1-Lowest, 5-Highest) | H17: AVERAGE
B18: NUMBER | C18: 1 | D18: 2 | E18: 3 | F18: 4 | G18: 5 | H18: RATING
B19: 1 | C19: =COUNTIF(TE!$E12:$BB12,"=1")+COUNTIF(TE!$E19:$BB19,"=1")+COUNTIF(TE!$E26:$BB26,"=1")+COUNTIF(TE!$E33:$BB33,"=1") -> 0 | D19: =COUNTIF(TE!$E12:$BB12,"=2")+COUNTIF(TE!$E19:$BB19,"=2")+COUNTIF(TE!$E26:$BB26,"=2")+COUNTIF(TE!$E33:$BB33,"=2") -> 0 | E19: =COUNTIF(TE!$E12:$BB12,"=3")+COUNTIF(TE!$E19:$BB19,"=3")+COUNTIF(TE!$E26:$BB26,"=3")+COUNTIF(TE!$E33:$BB33,"=3") -> 0 | F19: =COUNTIF(TE!$E12:$BB12,"=4")+COUNTIF(TE!$E19:$BB19,"=4")+COUNTIF(TE!$E26:$BB26,"=4")+COUNTIF(TE!$E33:$BB33,"=4") -> 0 | G19: =COUNTIF(TE!$E12:$BB12,"=5")+COUNTIF(TE!$E19:$BB19,"=5")+COUNTIF(TE!$E26:$BB26,"=5")+COUNTIF(TE!$E33:$BB33,"=5") -> 0 | H19: {=IF(SUM(C19:G19)=0,,SUM((C19:G19)*($C$18:$G$18))/SUM(C19:G19))} -> 0
B20: 2 | C20: =COUNTIF(TE!$E13:$BB13,"=1")+COUNTIF(TE!$E20:$BB20,"=1")+COUNTIF(TE!$E27:$BB27,"=1")+COUNTIF(TE!$E34:$BB34,"=1") -> 0 | D20: =COUNTIF(TE!$E13:$BB13,"=2")+COUNTIF(TE!$E20:$BB20,"=2")+COUNTIF(TE!$E27:$BB27,"=2")+COUNTIF(TE!$E34:$BB34,"=2") -> 0 | E20: =COUNTIF(TE!$E13:$BB13,"=3")+COUNTIF(TE!$E20:$BB20,"=3")+COUNTIF(TE!$E27:$BB27,"=3")+COUNTIF(TE!$E34:$BB34,"=3") -> 0 | F20: =COUNTIF(TE!$E13:$BB13,"=4")+COUNTIF(TE!$E20:$BB20,"=4")+COUNTIF(TE!$E27:$BB27,"=4")+COUNTIF(TE!$E34:$BB34,"=4") -> 0 | G20: =COUNTIF(TE!$E13:$BB13,"=5")+COUNTIF(TE!$E20:$BB20,"=5")+COUNTIF(TE!$E27:$BB27,"=5")+COUNTIF(TE!$E34:$BB34,"=5") -> 0 | H20: {=IF(SUM(C20:G20)=0,,SUM((C20:G20)*($C$18:$G$18))/SUM(C20:G20))} -> 0
B21: 3 | C21: =COUNTIF(TE!$E14:$BB14,"=1")+COUNTIF(TE!$E21:$BB21,"=1")+COUNTIF(TE!$E28:$BB28,"=1")+COUNTIF(TE!$E35:$BB35,"=1") -> 0 | D21: =COUNTIF(TE!$E14:$BB14,"=2")+COUNTIF(TE!$E21:$BB21,"=2")+COUNTIF(TE!$E28:$BB28,"=2")+COUNTIF(TE!$E35:$BB35,"=2") -> 0 | E21: =COUNTIF(TE!$E14:$BB14,"=3")+COUNTIF(TE!$E21:$BB21,"=3")+COUNTIF(TE!$E28:$BB28,"=3")+COUNTIF(TE!$E35:$BB35,"=3") -> 0 | F21: =COUNTIF(TE!$E14:$BB14,"=4")+COUNTIF(TE!$E21:$BB21,"=4")+COUNTIF(TE!$E28:$BB28,"=4")+COUNTIF(TE!$E35:$BB35,"=4") -> 0 | G21: =COUNTIF(TE!$E14:$BB14,"=5")+COUNTIF(TE!$E21:$BB21,"=5")+COUNTIF(TE!$E28:$BB28,"=5")+COUNTIF(TE!$E35:$BB35,"=5") -> 0 | H21: {=IF(SUM(C21:G21)=0,,SUM((C21:G21)*($C$18:$G$18))/SUM(C21:G21))} -> 0
B22: 4 | C22: =COUNTIF(TE!$E15:$BB15,"=1")+COUNTIF(TE!$E22:$BB22,"=1")+COUNTIF(TE!$E29:$BB29,"=1")+COUNTIF(TE!$E36:$BB36,"=1") -> 0 | D22: =COUNTIF(TE!$E15:$BB15,"=2")+COUNTIF(TE!$E22:$BB22,"=2")+COUNTIF(TE!$E29:$BB29,"=2")+COUNTIF(TE!$E36:$BB36,"=2") -> 0 | E22: =COUNTIF(TE!$E15:$BB15,"=3")+COUNTIF(TE!$E22:$BB22,"=3")+COUNTIF(TE!$E29:$BB29,"=3")+COUNTIF(TE!$E36:$BB36,"=3") -> 0 | F22: =COUNTIF(TE!$E15:$BB15,"=4")+COUNTIF(TE!$E22:$BB22,"=4")+COUNTIF(TE!$E29:$BB29,"=4")+COUNTIF(TE!$E36:$BB36,"=4") -> 0 | G22: =COUNTIF(TE!$E15:$BB15,"=5")+COUNTIF(TE!$E22:$BB22,"=5")+COUNTIF(TE!$E29:$BB29,"=5")+COUNTIF(TE!$E36:$BB36,"=5") -> 0 | H22: {=IF(SUM(C22:G22)=0,,SUM((C22:G22)*($C$18:$G$18))/SUM(C22:G22))} -> 0
B23: 5 | C23: =COUNTIF(TE!$E16:$BB16,"=1")+COUNTIF(TE!$E23:$BB23,"=1")+COUNTIF(TE!$E30:$BB30,"=1")+COUNTIF(TE!$E37:$BB37,"=1") -> 0 | D23: =COUNTIF(TE!$E16:$BB16,"=2")+COUNTIF(TE!$E23:$BB23,"=2")+COUNTIF(TE!$E30:$BB30,"=2")+COUNTIF(TE!$E37:$BB37,"=2") -> 0 | E23: =COUNTIF(TE!$E16:$BB16,"=3")+COUNTIF(TE!$E23:$BB23,"=3")+COUNTIF(TE!$E30:$BB30,"=3")+COUNTIF(TE!$E37:$BB37,"=3") -> 0 | F23: =COUNTIF(TE!$E16:$BB16,"=4")+COUNTIF(TE!$E23:$BB23,"=4")+COUNTIF(TE!$E30:$BB30,"=4")+COUNTIF(TE!$E37:$BB37,"=4") -> 0 | G23: =COUNTIF(TE!$E16:$BB16,"=5")+COUNTIF(TE!$E23:$BB23,"=5")+COUNTIF(TE!$E30:$BB30,"=5")+COUNTIF(TE!$E37:$BB37,"=5") -> 0 | H23: {=IF(SUM(C23:G23)=0,,SUM((C23:G23)*($C$18:$G$18))/SUM(C23:G23))} -> 0
B24: TOTAL AREA RATING | C24: =SUM(C19:C23)*C$18 -> 0 | D24: =SUM(D19:D23)*D$18 -> 0 | E24: =SUM(E19:E23)*E$18 -> 0 | F24: =SUM(F19:F23)*F$18 -> 0 | G24: =SUM(G19:G23)*G$18 -> 0 | H24: =SUM(H19:H23)*4 -> 0
B26: II. LEADERSHIP | D26: =TE!E41 -> 0.2
B27: 1 | C27: =COUNTIF(TE!$C43,"=1") -> 0 | D27: =COUNTIF(TE!$C43,"=2") -> 0 | E27: =COUNTIF(TE!$C43,"=3") -> 0 | F27: =COUNTIF(TE!$C43,"=4") -> 0 | G27: =COUNTIF(TE!$C43,"=5") -> 0 | H27: {=IF(SUM(C27:G27)=0,,SUM((C27:G27)*($C$18:$G$18))/SUM(C27:G27))} -> 0
B28: 2 | C28: =COUNTIF(TE!$C44,"=1") -> 0 | D28: =COUNTIF(TE!$C44,"=2") -> 0 | E28: =COUNTIF(TE!$C44,"=3") -> 0 | F28: =COUNTIF(TE!$C44,"=4") -> 0 | G28: =COUNTIF(TE!$C44,"=5") -> 0 | H28: {=IF(SUM(C28:G28)=0,,SUM((C28:G28)*($C$18:$G$18))/SUM(C28:G28))} -> 0
B29: 3 | C29: =COUNTIF(TE!$C45,"=1") -> 0 | D29: =COUNTIF(TE!$C45,"=2") -> 0 | E29: =COUNTIF(TE!$C45,"=3") -> 0 | F29: =COUNTIF(TE!$C45,"=4") -> 0 | G29: =COUNTIF(TE!$C45,"=5") -> 0 | H29: {=IF(SUM(C29:G29)=0,,SUM((C29:G29)*($C$18:$G$18))/SUM(C29:G29))} -> 0
B30: 4 | C30: =COUNTIF(TE!$C46,"=1") -> 0 | D30: =COUNTIF(TE!$C46,"=2") -> 0 | E30: =COUNTIF(TE!$C46,"=3") -> 0 | F30: =COUNTIF(TE!$C46,"=4") -> 0 | G30: =COUNTIF(TE!$C46,"=5") -> 0 | H30: {=IF(SUM(C30:G30)=0,,SUM((C30:G30)*($C$18:$G$18))/SUM(C30:G30))} -> 0
B31: 5 | C31: =COUNTIF(TE!$C47,"=1") -> 0 | D31: =COUNTIF(TE!$C47,"=2") -> 0 | E31: =COUNTIF(TE!$C47,"=3") -> 0 | F31: =COUNTIF(TE!$C47,"=4") -> 0 | G31: =COUNTIF(TE!$C47,"=5") -> 0 | H31: {=IF(SUM(C31:G31)=0,,SUM((C31:G31)*($C$18:$G$18))/SUM(C31:G31))} -> 0
B32: TOTAL AREA RATING | C32: =SUM(C27:C31)*C$18 -> 0 | D32: =SUM(D27:D31)*D$18 -> 0 | E32: =SUM(E27:E31)*E$18 -> 0 | F32: =SUM(F27:F31)*F$18 -> 0 | G32: =SUM(G27:G31)*G$18 -> 0 | H32: =SUM(H27:H31)*4 -> 0
B34: III. PARTNERSHIP DEVELOPMENT | D34: =TE!O41 -> 0.3
B35: 1 | C35: =COUNTIF(TE!$K43:$N43,"=1") -> 0 | D35: =COUNTIF(TE!$K43:$N43,"=2") -> 0 | E35: =COUNTIF(TE!$K43:$N43,"=3") -> 0 | F35: =COUNTIF(TE!$K43:$N43,"=4") -> 0 | G35: =COUNTIF(TE!$K43:$N43,"=5") -> 0 | H35: {=IF(SUM(C35:G35)=0,,SUM((C35:G35)*($C$18:$G$18))/SUM(C35:G35))} -> 0
B36: 2 | C36: =COUNTIF(TE!$K44:$N44,"=1") -> 0 | D36: =COUNTIF(TE!$K44:$N44,"=2") -> 0 | E36: =COUNTIF(TE!$K44:$N44,"=3") -> 0 | F36: =COUNTIF(TE!$K44:$N44,"=4") -> 0 | G36: =COUNTIF(TE!$K44:$N44,"=5") -> 0 | H36: {=IF(SUM(C36:G36)=0,,SUM((C36:G36)*($C$18:$G$18))/SUM(C36:G36))} -> 0
B37: 3 | C37: =COUNTIF(TE!$K45:$N45,"=1") -> 0 | D37: =COUNTIF(TE!$K45:$N45,"=2") -> 0 | E37: =COUNTIF(TE!$K45:$N45,"=3") -> 0 | F37: =COUNTIF(TE!$K45:$N45,"=4") -> 0 | G37: =COUNTIF(TE!$K45:$N45,"=5") -> 0 | H37: {=IF(SUM(C37:G37)=0,,SUM((C37:G37)*($C$18:$G$18))/SUM(C37:G37))} -> 0
B38: 4 | C38: =COUNTIF(TE!$K46:$N46,"=1") -> 0 | D38: =COUNTIF(TE!$K46:$N46,"=2") -> 0 | E38: =COUNTIF(TE!$K46:$N46,"=3") -> 0 | F38: =COUNTIF(TE!$K46:$N46,"=4") -> 0 | G38: =COUNTIF(TE!$K46:$N46,"=5") -> 0 | H38: {=IF(SUM(C38:G38)=0,,SUM((C38:G38)*($C$18:$G$18))/SUM(C38:G38))} -> 0
B39: 5 | C39: =COUNTIF(TE!$K47:$N47,"=1") -> 0 | D39: =COUNTIF(TE!$K47:$N47,"=2") -> 0 | E39: =COUNTIF(TE!$K47:$N47,"=3") -> 0 | F39: =COUNTIF(TE!$K47:$N47,"=4") -> 0 | G39: =COUNTIF(TE!$K47:$N47,"=5") -> 0 | H39: {=IF(SUM(C39:G39)=0,,SUM((C39:G39)*($C$18:$G$18))/SUM(C39:G39))} -> 0
B40: TOTAL AREA RATING | C40: =SUM(C35:C39)*C$18 -> 0 | D40: =SUM(D35:D39)*D$18 -> 0 | E40: =SUM(E35:E39)*E$18 -> 0 | F40: =SUM(F35:F39)*F$18 -> 0 | G40: =SUM(G35:G39)*G$18 -> 0 | H40: =SUM(H35:H39)*4 -> 0
B42: IV. COMMUNITY RESPONSIBILITY | D42: =TE!AC40 -> 0.3
B43: 1 | C43: =COUNTIF(TE!$U43:$AF43,"=1") -> 0 | D43: =COUNTIF(TE!$U43:$AF43,"=2") -> 0 | E43: =COUNTIF(TE!$U43:$AF43,"=3") -> 0 | F43: =COUNTIF(TE!$U43:$AF43,"=4") -> 0 | G43: =COUNTIF(TE!$U43:$AF43,"=5") -> 0 | H43: {=IF(SUM(C43:G43)=0,,SUM((C43:G43)*($C$18:$G$18))/SUM(C43:G43))} -> 0
B44: 2 | C44: =COUNTIF(TE!$U44:$AF44,"=1") -> 0 | D44: =COUNTIF(TE!$U44:$AF44,"=2") -> 0 | E44: =COUNTIF(TE!$U44:$AF44,"=3") -> 0 | F44: =COUNTIF(TE!$U44:$AF44,"=4") -> 0 | G44: =COUNTIF(TE!$U44:$AF44,"=5") -> 0 | H44: {=IF(SUM(C44:G44)=0,,SUM((C44:G44)*($C$18:$G$18))/SUM(C44:G44))} -> 0
B45: 3 | C45: =COUNTIF(TE!$U45:$AF45,"=1") -> 0 | D45: =COUNTIF(TE!$U45:$AF45,"=2") -> 0 | E45: =COUNTIF(TE!$U45:$AF45,"=3") -> 0 | F45: =COUNTIF(TE!$U45:$AF45,"=4") -> 0 | G45: =COUNTIF(TE!$U45:$AF45,"=5") -> 0 | H45: {=IF(SUM(C45:G45)=0,,SUM((C45:G45)*($C$18:$G$18))/SUM(C45:G45))} -> 0
B46: 4 | C46: =COUNTIF(TE!$U46:$AF46,"=1") -> 0 | D46: =COUNTIF(TE!$U46:$AF46,"=2") -> 0 | E46: =COUNTIF(TE!$U46:$AF46,"=3") -> 0 | F46: =COUNTIF(TE!$U46:$AF46,"=4") -> 0 | G46: =COUNTIF(TE!$U46:$AF46,"=5") -> 0 | H46: {=IF(SUM(C46:G46)=0,,SUM((C46:G46)*($C$18:$G$18))/SUM(C46:G46))} -> 0
B47: 5 | C47: =COUNTIF(TE!$U47:$AF47,"=1") -> 0 | D47: =COUNTIF(TE!$U47:$AF47,"=2") -> 0 | E47: =COUNTIF(TE!$U47:$AF47,"=3") -> 0 | F47: =COUNTIF(TE!$U47:$AF47,"=4") -> 0 | G47: =COUNTIF(TE!$U47:$AF47,"=5") -> 0 | H47: {=IF(SUM(C47:G47)=0,,SUM((C47:G47)*($C$18:$G$18))/SUM(C47:G47))} -> 0
B48: TOTAL AREA RATING | C48: =SUM(C43:C47)*C$18 -> 0 | D48: =SUM(D43:D47)*D$18 -> 0 | E48: =SUM(E43:E47)*E$18 -> 0 | F48: =SUM(F43:F47)*F$18 -> 0 | G48: =SUM(G43:G47)*G$18 -> 0 | H48: =SUM(H43:H47)*4 -> 0
F54: =TI!DZ75 -> DANIEL E. MALIGAT, JR., DIT
F55: =TI!DZ76 -> DEAN

Sheet 02B-Prod
B1: NBC 461- QCE FORM 02B
B4: CAMARINES NORTE STATE COLLEGE
B5: Daet, Camarines Norte
B7: SECTORAL FREQUENCY OF RATING PER AREA
B8: FOR ASSOCIATE PROFESSORS AND FULL PROFESSORS
C9: SECTORAL EVALUATOR
B12: NAME OF FACULTY | C12: =TI!DC6 -> ,
B13: RATING PERIOD | C13: =TI!MG6 -> 0
B15: PRODUCTION
B16: I. CLIENTELE SATISFACTION | D16: ='02B-Res'!D16 -> 0.2
B17: CRITERIA | C17: RATING SCALE (1-Lowest, 5-Highest) | H17: AVERAGE
B18: NUMBER | C18: 1 | D18: 2 | E18: 3 | F18: 4 | G18: 5 | H18: RATING
B19: 1 | C19: =COUNTIF(TP!$E12:$BB12,"=1")+COUNTIF(TP!$E19:$BB19,"=1")+COUNTIF(TP!$E26:$BB26,"=1")+COUNTIF(TP!$E33:$BB33,"=1") -> 0 | D19: =COUNTIF(TP!$E12:$BB12,"=2")+COUNTIF(TP!$E19:$BB19,"=2")+COUNTIF(TP!$E26:$BB26,"=2")+COUNTIF(TP!$E33:$BB33,"=2") -> 0 | E19: =COUNTIF(TP!$E12:$BB12,"=3")+COUNTIF(TP!$E19:$BB19,"=3")+COUNTIF(TP!$E26:$BB26,"=3")+COUNTIF(TP!$E33:$BB33,"=3") -> 0 | F19: =COUNTIF(TP!$E12:$BB12,"=4")+COUNTIF(TP!$E19:$BB19,"=4")+COUNTIF(TP!$E26:$BB26,"=4")+COUNTIF(TP!$E33:$BB33,"=4") -> 0 | G19: =COUNTIF(TP!$E12:$BB12,"=5")+COUNTIF(TP!$E19:$BB19,"=5")+COUNTIF(TP!$E26:$BB26,"=5")+COUNTIF(TP!$E33:$BB33,"=5") -> 0 | H19: {=IF(SUM(C19:G19)=0,,SUM((C19:G19)*($C$18:$G$18))/SUM(C19:G19))} -> 0
B20: 2 | C20: =COUNTIF(TP!$E13:$BB13,"=1")+COUNTIF(TP!$E20:$BB20,"=1")+COUNTIF(TP!$E27:$BB27,"=1")+COUNTIF(TP!$E34:$BB34,"=1") -> 0 | D20: =COUNTIF(TP!$E13:$BB13,"=2")+COUNTIF(TP!$E20:$BB20,"=2")+COUNTIF(TP!$E27:$BB27,"=2")+COUNTIF(TP!$E34:$BB34,"=2") -> 0 | E20: =COUNTIF(TP!$E13:$BB13,"=3")+COUNTIF(TP!$E20:$BB20,"=3")+COUNTIF(TP!$E27:$BB27,"=3")+COUNTIF(TP!$E34:$BB34,"=3") -> 0 | F20: =COUNTIF(TP!$E13:$BB13,"=4")+COUNTIF(TP!$E20:$BB20,"=4")+COUNTIF(TP!$E27:$BB27,"=4")+COUNTIF(TP!$E34:$BB34,"=4") -> 0 | G20: =COUNTIF(TP!$E13:$BB13,"=5")+COUNTIF(TP!$E20:$BB20,"=5")+COUNTIF(TP!$E27:$BB27,"=5")+COUNTIF(TP!$E34:$BB34,"=5") -> 0 | H20: {=IF(SUM(C20:G20)=0,,SUM((C20:G20)*($C$18:$G$18))/SUM(C20:G20))} -> 0
B21: 3 | C21: =COUNTIF(TP!$E14:$BB14,"=1")+COUNTIF(TP!$E21:$BB21,"=1")+COUNTIF(TP!$E28:$BB28,"=1")+COUNTIF(TP!$E35:$BB35,"=1") -> 0 | D21: =COUNTIF(TP!$E14:$BB14,"=2")+COUNTIF(TP!$E21:$BB21,"=2")+COUNTIF(TP!$E28:$BB28,"=2")+COUNTIF(TP!$E35:$BB35,"=2") -> 0 | E21: =COUNTIF(TP!$E14:$BB14,"=3")+COUNTIF(TP!$E21:$BB21,"=3")+COUNTIF(TP!$E28:$BB28,"=3")+COUNTIF(TP!$E35:$BB35,"=3") -> 0 | F21: =COUNTIF(TP!$E14:$BB14,"=4")+COUNTIF(TP!$E21:$BB21,"=4")+COUNTIF(TP!$E28:$BB28,"=4")+COUNTIF(TP!$E35:$BB35,"=4") -> 0 | G21: =COUNTIF(TP!$E14:$BB14,"=5")+COUNTIF(TP!$E21:$BB21,"=5")+COUNTIF(TP!$E28:$BB28,"=5")+COUNTIF(TP!$E35:$BB35,"=5") -> 0 | H21: {=IF(SUM(C21:G21)=0,,SUM((C21:G21)*($C$18:$G$18))/SUM(C21:G21))} -> 0
B22: 4 | C22: =COUNTIF(TP!$E15:$BB15,"=1")+COUNTIF(TP!$E22:$BB22,"=1")+COUNTIF(TP!$E29:$BB29,"=1")+COUNTIF(TP!$E36:$BB36,"=1") -> 0 | D22: =COUNTIF(TP!$E15:$BB15,"=2")+COUNTIF(TP!$E22:$BB22,"=2")+COUNTIF(TP!$E29:$BB29,"=2")+COUNTIF(TP!$E36:$BB36,"=2") -> 0 | E22: =COUNTIF(TP!$E15:$BB15,"=3")+COUNTIF(TP!$E22:$BB22,"=3")+COUNTIF(TP!$E29:$BB29,"=3")+COUNTIF(TP!$E36:$BB36,"=3") -> 0 | F22: =COUNTIF(TP!$E15:$BB15,"=4")+COUNTIF(TP!$E22:$BB22,"=4")+COUNTIF(TP!$E29:$BB29,"=4")+COUNTIF(TP!$E36:$BB36,"=4") -> 0 | G22: =COUNTIF(TP!$E15:$BB15,"=5")+COUNTIF(TP!$E22:$BB22,"=5")+COUNTIF(TP!$E29:$BB29,"=5")+COUNTIF(TP!$E36:$BB36,"=5") -> 0 | H22: {=IF(SUM(C22:G22)=0,,SUM((C22:G22)*($C$18:$G$18))/SUM(C22:G22))} -> 0
B23: 5 | C23: =COUNTIF(TP!$E16:$BB16,"=1")+COUNTIF(TP!$E23:$BB23,"=1")+COUNTIF(TP!$E30:$BB30,"=1")+COUNTIF(TP!$E37:$BB37,"=1") -> 0 | D23: =COUNTIF(TP!$E16:$BB16,"=2")+COUNTIF(TP!$E23:$BB23,"=2")+COUNTIF(TP!$E30:$BB30,"=2")+COUNTIF(TP!$E37:$BB37,"=2") -> 0 | E23: =COUNTIF(TP!$E16:$BB16,"=3")+COUNTIF(TP!$E23:$BB23,"=3")+COUNTIF(TP!$E30:$BB30,"=3")+COUNTIF(TP!$E37:$BB37,"=3") -> 0 | F23: =COUNTIF(TP!$E16:$BB16,"=4")+COUNTIF(TP!$E23:$BB23,"=4")+COUNTIF(TP!$E30:$BB30,"=4")+COUNTIF(TP!$E37:$BB37,"=4") -> 0 | G23: =COUNTIF(TP!$E16:$BB16,"=5")+COUNTIF(TP!$E23:$BB23,"=5")+COUNTIF(TP!$E30:$BB30,"=5")+COUNTIF(TP!$E37:$BB37,"=5") -> 0 | H23: {=IF(SUM(C23:G23)=0,,SUM((C23:G23)*($C$18:$G$18))/SUM(C23:G23))} -> 0
B24: TOTAL AREA RATING | C24: =SUM(C19:C23)*C$18 -> 0 | D24: =SUM(D19:D23)*D$18 -> 0 | E24: =SUM(E19:E23)*E$18 -> 0 | F24: =SUM(F19:F23)*F$18 -> 0 | G24: =SUM(G19:G23)*G$18 -> 0 | H24: =SUM(H19:H23)*4 -> 0
B26: II. LEADERSHIP | D26: ='02B-Res'!D26 -> 0.2
B27: 1 | C27: =COUNTIF(TP!$C43,"=1") -> 0 | D27: =COUNTIF(TP!$C43,"=2") -> 0 | E27: =COUNTIF(TP!$C43,"=3") -> 0 | F27: =COUNTIF(TP!$C43,"=4") -> 0 | G27: =COUNTIF(TP!$C43,"=5") -> 0 | H27: {=IF(SUM(C27:G27)=0,,SUM((C27:G27)*($C$18:$G$18))/SUM(C27:G27))} -> 0
B28: 2 | C28: =COUNTIF(TP!$C44,"=1") -> 0 | D28: =COUNTIF(TP!$C44,"=2") -> 0 | E28: =COUNTIF(TP!$C44,"=3") -> 0 | F28: =COUNTIF(TP!$C44,"=4") -> 0 | G28: =COUNTIF(TP!$C44,"=5") -> 0 | H28: {=IF(SUM(C28:G28)=0,,SUM((C28:G28)*($C$18:$G$18))/SUM(C28:G28))} -> 0
B29: 3 | C29: =COUNTIF(TP!$C45,"=1") -> 0 | D29: =COUNTIF(TP!$C45,"=2") -> 0 | E29: =COUNTIF(TP!$C45,"=3") -> 0 | F29: =COUNTIF(TP!$C45,"=4") -> 0 | G29: =COUNTIF(TP!$C45,"=5") -> 0 | H29: {=IF(SUM(C29:G29)=0,,SUM((C29:G29)*($C$18:$G$18))/SUM(C29:G29))} -> 0
B30: 4 | C30: =COUNTIF(TP!$C46,"=1") -> 0 | D30: =COUNTIF(TP!$C46,"=2") -> 0 | E30: =COUNTIF(TP!$C46,"=3") -> 0 | F30: =COUNTIF(TP!$C46,"=4") -> 0 | G30: =COUNTIF(TP!$C46,"=5") -> 0 | H30: {=IF(SUM(C30:G30)=0,,SUM((C30:G30)*($C$18:$G$18))/SUM(C30:G30))} -> 0
B31: 5 | C31: =COUNTIF(TP!$C47,"=1") -> 0 | D31: =COUNTIF(TP!$C47,"=2") -> 0 | E31: =COUNTIF(TP!$C47,"=3") -> 0 | F31: =COUNTIF(TP!$C47,"=4") -> 0 | G31: =COUNTIF(TP!$C47,"=5") -> 0 | H31: {=IF(SUM(C31:G31)=0,,SUM((C31:G31)*($C$18:$G$18))/SUM(C31:G31))} -> 0
B32: TOTAL AREA RATING | C32: =SUM(C27:C31)*C$18 -> 0 | D32: =SUM(D27:D31)*D$18 -> 0 | E32: =SUM(E27:E31)*E$18 -> 0 | F32: =SUM(F27:F31)*F$18 -> 0 | G32: =SUM(G27:G31)*G$18 -> 0 | H32: =SUM(H27:H31)*4 -> 0
B34: III. PARTNERSHIP DEVELOPMENT | D34: ='02B-Res'!D34 -> 0.3
B35: 1 | C35: =COUNTIF(TP!$K43:$N43,"=1") -> 0 | D35: =COUNTIF(TP!$K43:$N43,"=2") -> 0 | E35: =COUNTIF(TP!$K43:$N43,"=3") -> 0 | F35: =COUNTIF(TP!$K43:$N43,"=4") -> 0 | G35: =COUNTIF(TP!$K43:$N43,"=5") -> 0 | H35: {=IF(SUM(C35:G35)=0,,SUM((C35:G35)*($C$18:$G$18))/SUM(C35:G35))} -> 0
B36: 2 | C36: =COUNTIF(TP!$K44:$N44,"=1") -> 0 | D36: =COUNTIF(TP!$K44:$N44,"=2") -> 0 | E36: =COUNTIF(TP!$K44:$N44,"=3") -> 0 | F36: =COUNTIF(TP!$K44:$N44,"=4") -> 0 | G36: =COUNTIF(TP!$K44:$N44,"=5") -> 0 | H36: {=IF(SUM(C36:G36)=0,,SUM((C36:G36)*($C$18:$G$18))/SUM(C36:G36))} -> 0
B37: 3 | C37: =COUNTIF(TP!$K45:$N45,"=1") -> 0 | D37: =COUNTIF(TP!$K45:$N45,"=2") -> 0 | E37: =COUNTIF(TP!$K45:$N45,"=3") -> 0 | F37: =COUNTIF(TP!$K45:$N45,"=4") -> 0 | G37: =COUNTIF(TP!$K45:$N45,"=5") -> 0 | H37: {=IF(SUM(C37:G37)=0,,SUM((C37:G37)*($C$18:$G$18))/SUM(C37:G37))} -> 0
B38: 4 | C38: =COUNTIF(TP!$K46:$N46,"=1") -> 0 | D38: =COUNTIF(TP!$K46:$N46,"=2") -> 0 | E38: =COUNTIF(TP!$K46:$N46,"=3") -> 0 | F38: =COUNTIF(TP!$K46:$N46,"=4") -> 0 | G38: =COUNTIF(TP!$K46:$N46,"=5") -> 0 | H38: {=IF(SUM(C38:G38)=0,,SUM((C38:G38)*($C$18:$G$18))/SUM(C38:G38))} -> 0
B39: 5 | C39: =COUNTIF(TP!$K47:$N47,"=1") -> 0 | D39: =COUNTIF(TP!$K47:$N47,"=2") -> 0 | E39: =COUNTIF(TP!$K47:$N47,"=3") -> 0 | F39: =COUNTIF(TP!$K47:$N47,"=4") -> 0 | G39: =COUNTIF(TP!$K47:$N47,"=5") -> 0 | H39: {=IF(SUM(C39:G39)=0,,SUM((C39:G39)*($C$18:$G$18))/SUM(C39:G39))} -> 0
B40: TOTAL AREA RATING | C40: =SUM(C35:C39)*C$18 -> 0 | D40: =SUM(D35:D39)*D$18 -> 0 | E40: =SUM(E35:E39)*E$18 -> 0 | F40: =SUM(F35:F39)*F$18 -> 0 | G40: =SUM(G35:G39)*G$18 -> 0 | H40: =SUM(H35:H39)*4 -> 0
B42: IV. COMMUNITY RESPONSIBILITY | D42: ='02B-Res'!D42 -> 0.3
B43: 1 | C43: =COUNTIF(TP!$U43:$AF43,"=1") -> 0 | D43: =COUNTIF(TP!$U43:$AF43,"=2") -> 0 | E43: =COUNTIF(TP!$U43:$AF43,"=3") -> 0 | F43: =COUNTIF(TP!$U43:$AF43,"=4") -> 0 | G43: =COUNTIF(TP!$U43:$AF43,"=5") -> 0 | H43: {=IF(SUM(C43:G43)=0,,SUM((C43:G43)*($C$18:$G$18))/SUM(C43:G43))} -> 0
B44: 2 | C44: =COUNTIF(TP!$U44:$AF44,"=1") -> 0 | D44: =COUNTIF(TP!$U44:$AF44,"=2") -> 0 | E44: =COUNTIF(TP!$U44:$AF44,"=3") -> 0 | F44: =COUNTIF(TP!$U44:$AF44,"=4") -> 0 | G44: =COUNTIF(TP!$U44:$AF44,"=5") -> 0 | H44: {=IF(SUM(C44:G44)=0,,SUM((C44:G44)*($C$18:$G$18))/SUM(C44:G44))} -> 0
B45: 3 | C45: =COUNTIF(TP!$U45:$AF45,"=1") -> 0 | D45: =COUNTIF(TP!$U45:$AF45,"=2") -> 0 | E45: =COUNTIF(TP!$U45:$AF45,"=3") -> 0 | F45: =COUNTIF(TP!$U45:$AF45,"=4") -> 0 | G45: =COUNTIF(TP!$U45:$AF45,"=5") -> 0 | H45: {=IF(SUM(C45:G45)=0,,SUM((C45:G45)*($C$18:$G$18))/SUM(C45:G45))} -> 0
B46: 4 | C46: =COUNTIF(TP!$U46:$AF46,"=1") -> 0 | D46: =COUNTIF(TP!$U46:$AF46,"=2") -> 0 | E46: =COUNTIF(TP!$U46:$AF46,"=3") -> 0 | F46: =COUNTIF(TP!$U46:$AF46,"=4") -> 0 | G46: =COUNTIF(TP!$U46:$AF46,"=5") -> 0 | H46: {=IF(SUM(C46:G46)=0,,SUM((C46:G46)*($C$18:$G$18))/SUM(C46:G46))} -> 0
B47: 5 | C47: =COUNTIF(TP!$U47:$AF47,"=1") -> 0 | D47: =COUNTIF(TP!$U47:$AF47,"=2") -> 0 | E47: =COUNTIF(TP!$U47:$AF47,"=3") -> 0 | F47: =COUNTIF(TP!$U47:$AF47,"=4") -> 0 | G47: =COUNTIF(TP!$U47:$AF47,"=5") -> 0 | H47: {=IF(SUM(C47:G47)=0,,SUM((C47:G47)*($C$18:$G$18))/SUM(C47:G47))} -> 0
B48: TOTAL AREA RATING | C48: =SUM(C43:C47)*C$18 -> 0 | D48: =SUM(D43:D47)*D$18 -> 0 | E48: =SUM(E43:E47)*E$18 -> 0 | F48: =SUM(F43:F47)*F$18 -> 0 | G48: =SUM(G43:G47)*G$18 -> 0 | H48: =SUM(H43:H47)*4 -> 0
F54: =TI!DZ75 -> DANIEL E. MALIGAT, JR., DIT
F55: =TI!DZ76 -> DEAN

Sheet 03
B1: NBC 461- QCE FORM 03
B4: CAMARINES NORTE STATE COLLEGE
B5: Daet, Camarines Norte
B7: INDIVIDUAL FACULTY PERFORMANCE RATING
B8: Area: Instruction, Research, Extension, Production
C9: Rating Period | D9: =TI!MG6 -> 0
B12: NAME OF FACULTY | C12: =TI!DC6 -> ,
B13: PRESENT POSITION | C13: =DATA!M3 & " " &DATA!M4 -> Instructor I
B16: INSTRUCTION | E16: Ave. Rating | F16: Weight | G16: Weighted
G17: Rating
B18: A. Commitment | E18: =TI!AQ44 -> #DIV/0! | F18: =TI!AI44 -> 0.25 | G18: =E18*F18 -> #DIV/0!
B19: B. Knowledge of Subject | E19: =TI!AQ50 -> #DIV/0! | F19: =TI!AI50 -> 0.25 | G19: =E19*F19 -> #DIV/0!
B20: C. Teaching for Independent Learning | E20: =TI!AQ56 -> #DIV/0! | F20: =TI!AI56 -> 0.25 | G20: =E20*F20 -> #DIV/0!
B21: D. Management of Learning | E21: =TI!AQ62 -> #DIV/0! | F21: =TI!AI62 -> 0.25 | G21: =E21*F21 -> #DIV/0!
B22: SUB-TOTAL x | C22: =INDEX(Instruction,Rank_Link) -> 1 | D22: =C22*G22 -> #DIV/0! | G22: =SUM(G18:G21) -> #DIV/0!
B23: RESEARCH | E23: Ave. Rating | F23: Weight | G23: Weighted
G24: Rating
B25: A. Client Satisfaction | E25: ='02B-Res'!H24 -> 0 | F25: =F18 -> 0.25 | G25: =E25*F25 -> 0
B26: B. Leadership | E26: ='02B-Res'!H32 -> 0 | F26: =F19 -> 0.25 | G26: =E26*F26 -> 0
B27: C. Partnership Development | E27: ='02B-Res'!H40 -> 0 | F27: =F20 -> 0.25 | G27: =E27*F27 -> 0
B28: D. Community Responsibility | E28: ='02B-Res'!H48 -> 0 | F28: =F21 -> 0.25 | G28: =E28*F28 -> 0
B29: SUB-TOTAL x | C29: =INDEX(Research, Rank_Link) -> 0 | D29: =C29*G29 -> 0 | G29: =SUM(G25:G28) -> 0
B30: EXTENSION | E30: Ave. Rating | F30: Weight | G30: Weighted
G31: Rating
B32: A. Client Satisfaction | E32: ='02B-Ext'!H24 -> 0 | F32: =F25 -> 0.25 | G32: =E32*F32 -> 0
B33: B. Leadership | E33: ='02B-Ext'!H32 -> 0 | F33: =F26 -> 0.25 | G33: =E33*F33 -> 0
B34: C. Partnership Development | E34: ='02B-Ext'!H40 -> 0 | F34: =F27 -> 0.25 | G34: =E34*F34 -> 0
B35: D. Community Responsibility | E35: ='02B-Ext'!H48 -> 0 | F35: =F28 -> 0.25 | G35: =E35*F35 -> 0
B36: SUB-TOTAL x | C36: =INDEX(Extension,Rank_Link) -> 0 | D36: =C36*G36 -> 0 | G36: =SUM(G32:G35) -> 0
B37: PRODUCTION | E37: Ave. Rating | F37: Weight | G37: Weighted
G38: Rating
B39: A. Client Satisfaction | E39: ='02B-Prod'!H24 -> 0 | F39: =F25 -> 0.25 | G39: =E39*F39 -> 0
B40: B. Leadership | E40: ='02B-Prod'!H32 -> 0 | F40: =F26 -> 0.25 | G40: =E40*F40 -> 0
B41: C. Partnership Development | E41: ='02B-Prod'!H40 -> 0 | F41: =F27 -> 0.25 | G41: =E41*F41 -> 0
B42: D. Community Responsibility | E42: ='02B-Prod'!H48 -> 0 | F42: =F28 -> 0.25 | G42: =E42*F42 -> 0
B43: SUB-TOTAL x | C43: =INDEX(Production, Rank_Link) -> 0 | D43: =C43*G43 -> 0 | G43: =SUM(G39:G42) -> 0
F45: Total QCE Points | G45: =ROUND(D43+D36+D29+D22,2) -> #DIV/0!
E53: =TI!DZ75 -> DANIEL E. MALIGAT, JR., DIT
E54: =TI!DZ76 -> DEAN

Sheet 03-new
B1: NBC 461- QCE FORM 03
B3: Republic of the Philippines
B4: CAMARINES NORTE STATE COLLEGE
B5: Daet, Camarines Norte
B7: NBC No. 461 Evaluation
B8: INDIVIDUAL PERFORMANCE RATING
E9: Rating Period | F9: =TI!MG6 -> 0
C12: NAME OF FACULTY | E12: =TI!DC6 -> ,
C13: RANK | E13: =DATA!M3 & " " &DATA!M4 -> Instructor I
C14: DEPARTMENT | E14: =Entry!D19 -> 0
B16: INSTRUCTION | E16: CROSS RATING | I16: Average | J16: Weight | K16: Weighted | L16: Summary of
E17: SE | F17: PE | G17: SU | H17: ST | I17: Rating | K17: Rating | L17: W Rating
B18: 1. Commitment | E18: =SUM(TI!AI45:AJ49) -> 0 | F18: =SUM(TI!AG45:AH49) -> #DIV/0! | G18: =SUM(TI!AK45:AL49) -> 0 | H18: =SUM(TI!AE45:AF49) -> #DIV/0! | I18: =TI!AQ44 -> #DIV/0! | J18: =TI!AI44 -> 0.25 | K18: =I18*J18 -> #DIV/0!
B19: 2. Knowledge of Subject | E19: =SUM(TI!AI51:AJ55) -> 0 | F19: =SUM(TI!AG51:AH55) -> #DIV/0! | G19: =SUM(TI!AK51:AL55) -> 0 | H19: =SUM(TI!AE51:AF55) -> #DIV/0! | I19: =TI!AQ50 -> #DIV/0! | J19: =TI!AI50 -> 0.25 | K19: =I19*J19 -> #DIV/0!
B20: 3. Teaching for Independent Learning | E20: =SUM(TI!AI57:AJ61) -> 0 | F20: =SUM(TI!AG57:AH61) -> #DIV/0! | G20: =SUM(TI!AK57:AL61) -> 0 | H20: =SUM(TI!AE57:AF61) -> #DIV/0! | I20: =TI!AQ56 -> #DIV/0! | J20: =TI!AI56 -> 0.25 | K20: =I20*J20 -> #DIV/0!
B21: 4. Management of Learning | E21: =SUM(TI!AI63:AJ67) -> 0 | F21: =SUM(TI!AG63:AH67) -> #DIV/0! | G21: =SUM(TI!AK63:AL67) -> 0 | H21: =SUM(TI!AE63:AF67) -> #DIV/0! | I21: =TI!AQ62 -> #DIV/0! | J21: =TI!AI62 -> 0.25 | K21: =I21*J21 -> #DIV/0!
B22: SUB-TOTAL | J22: 1 | K22: =SUM(K18:K21) -> #DIV/0!
B23: SUB-TOTAL x | C23: ='03'!C22 -> 1 | L23: =K22*C23 -> #DIV/0!
B25: RESEARCH | E25: CROSS RATING | I25: Average | J25: Weight | K25: Weighted
E26: CL | F26: SU | G26: SH | H26: COM | I26: Rating | K26: Rating
B27: 1. Client Satisfaction | E27: ='02B-Res'!H24 -> 0 | I27: ='02B-Res'!H24 -> 0 | J27: =TR!J9 -> 0.2 | K27: =I27*J27 -> 0
B28: 2. Leadership | F28: ='02B-Res'!H32 -> 0 | I28: ='02B-Res'!H32 -> 0 | J28: =TR!E41 -> 0.2 | K28: =I28*J28 -> 0
B29: 3. Partnership Development | G29: ='02B-Res'!H40 -> 0 | I29: ='02B-Res'!H40 -> 0 | J29: =TR!O41 -> 0.3 | K29: =I29*J29 -> 0
B30: 4. Community Responsibility | H30: ='02B-Res'!H48 -> 0 | I30: ='02B-Res'!H48 -> 0 | J30: =TR!AC40 -> 0.3 | K30: =I30*J30 -> 0
B31: SUB-TOTAL | J31: 1 | K31: =SUM(K27:K30) -> 0
B32: SUB-TOTAL x | C32: ='03'!C29 -> 0 | L32: =K31*C32 -> 0
B34: EXTENSION | E34: CROSS RATING | I34: Average | J34: Weight | K34: Weighted
E35: CL | F35: SU | G35: SH | H35: COM | I35: Rating | K35: Rating
B36: 1. Client Satisfaction | E36: ='02B-Ext'!H24 -> 0 | I36: ='02B-Ext'!H24 -> 0 | J36: =J27 -> 0.2 | K36: =I36*J36 -> 0
B37: 2. Leadership | F37: ='02B-Ext'!H32 -> 0 | I37: ='02B-Ext'!H32 -> 0 | J37: =J28 -> 0.2 | K37: =I37*J37 -> 0
B38: 3. Partnership Development | G38: ='02B-Ext'!H40 -> 0 | I38: ='02B-Ext'!H40 -> 0 | J38: =J29 -> 0.3 | K38: =I38*J38 -> 0
B39: 4. Community Responsibility | H39: ='02B-Ext'!H48 -> 0 | I39: ='02B-Ext'!H48 -> 0 | J39: =J30 -> 0.3 | K39: =I39*J39 -> 0
B40: SUB-TOTAL | J40: 1 | K40: =SUM(K36:K39) -> 0
B41: SUB-TOTAL x | C41: ='03'!C36 -> 0 | L41: =K40*C41 -> 0
B43: PRODUCTION | E43: CROSS RATING | I43: Average | J43: Weight | K43: Weighted
E44: CL | F44: SU | G44: SH | H44: COM | I44: Rating | K44: Rating
B45: 1. Client Satisfaction | E45: ='02B-Prod'!H24 -> 0 | I45: ='02B-Prod'!H24 -> 0 | J45: =J27 -> 0.2 | K45: =I45*J45 -> 0
B46: 2. Leadership | F46: ='02B-Prod'!H32 -> 0 | I46: ='02B-Prod'!H32 -> 0 | J46: =J28 -> 0.2 | K46: =I46*J46 -> 0
B47: 3. Partnership Development | G47: ='02B-Prod'!H40 -> 0 | I47: ='02B-Prod'!H40 -> 0 | J47: =J29 -> 0.3 | K47: =I47*J47 -> 0
B48: 4. Community Responsibility | H48: ='02B-Prod'!H48 -> 0 | I48: ='02B-Prod'!H48 -> 0 | J48: =J30 -> 0.3 | K48: =I48*J48 -> 0
B49: SUB-TOTAL | J49: 1 | K49: =SUM(K45:K48) -> 0
B50: SUB-TOTAL x | C50: ='03'!C43 -> 0 | L50: =K49*C50 -> 0
B51: TOTAL QCE POINTS | L51: =L23+L32+L41+L50 -> #DIV/0!
B53: Legend: | C53: SE - Self | E53: SU - Supervisor | H53: CL - Clientele | J53: SH - Stakeholder
C54: PE - Peers | E54: ST - Students | H54: SU - Supervisor | J54: COM - Community
B57: LOCAL QCE EVALUATION COMMITTEE
B60: SONIA S. CARBONELL, Ph.D. | H60: RENE N. ABRERA
C61: Member | J61: Member
B64: MARTIN M. LUKBAN | H64: JAMIN E. SANTIAGO
C65: Member | J65: Member
B68: DOLORES C. VOLANTE
C69: Member
D72: ERLINDA J. PORCINCULA, Ph.D.
D73: Chairperson

Sheet DATA
I2: SubRank Link | K2: I
B3: Rank Link | C3: Rank | D3: Instruction | E3: Research | F3: Extension | G3: Production | I3: 1 | K3: II | M3: =INDEX(Rank, Rank_Link) -> Instructor
B4: 1 | C4: Instructor | D4: 1 | K4: III | M4: =INDEX(SubRank, SubRank_Link) -> I
C5: Asst. Professor | D5: 0.3 | F5: 0.7 | K5: IV
C6: Asso. Professor | D6: 0.3 | E6: 0.7 | K6: V
C7: Full Professor | D7: 0.2 | E7: 0.65 | F7: 0.1 | G7: 0.05 | K7: VI
C9: Instructors and Assistant Professors
D10: =TI!AI43 -> 0.25 | F10: =TI!AG43 -> 0.25 | H10: =TI!AK43 -> 0.25 | J10: =TI!AE43 -> 0.25 | M10: Spreading
C11: Name of Faculty | D11: SE | E11: SI | F11: PE | G11: SI | H11: SU | I11: SI | J11: ST | K11: SI | L11: Total | M11: Index
C12: =TI!DC6 -> , | D12: =TI!I69 -> 0 | E12: 0 | F12: =TI!MO36 -> #DIV/0! | G12: =TI!MC35 -> 0 | H12: =TI!U69 -> 0 | I12: 0 | J12: =TI!DJ36 -> #DIV/0! | K12: =TI!B35 -> 0 | L12: =ROUND(D12*D10+F12*F10+H12*H10+J12*J10,2) -> #DIV/0! | M12: =STDEVP(D12,F12,H12,J12) -> #DIV/0!
C13: =C12 -> , | D13: =D12*TI!AI43 -> 0 | F13: =F12*TI!AG43 -> #DIV/0! | H13: =H12*TI!AK43 -> 0 | J13: =J12*TI!AE43 -> #DIV/0! | L13: =ROUND(D13+F13+H13+J13,2) -> #DIV/0! | M13: =STDEVP(D13,F13,H13,J13) -> #DIV/0!
D15: CO | E15: KS | F15: TIL | G15: ML
C16: =C12 -> , | D16: =TI!AQ44 -> #DIV/0! | E16: =TI!AQ50 -> #DIV/0! | F16: =TI!AQ56 -> #DIV/0! | G16: =TI!AQ62 -> #DIV/0!
C17: =C13 -> , | D17: =TI!AT44 -> #DIV/0! | E17: =TI!AT50 -> #DIV/0! | F17: =TI!AT56 -> #DIV/0! | G17: =TI!AT62 -> #DIV/0! | H17: =G17+F17+E17+D17 -> #DIV/0!
E22: Research | F22: Extension | G22: Production
E23: ='03'!C29 -> 0 | F23: ='03'!C36 -> 0 | G23: ='03'!C43 -> 0
C24: A. Client Satisfaction | D24: ='03'!F25 -> 0.25 | E24: ='03'!E25 -> 0 | F24: ='03'!E32 -> 0 | G24: ='03'!E39 -> 0
C25: B. Leadership | D25: ='03'!F26 -> 0.25 | E25: ='03'!E26 -> 0 | F25: ='03'!E33 -> 0 | G25: ='03'!E40 -> 0
C26: C. Partnership Development | D26: ='03'!F27 -> 0.25 | E26: ='03'!E27 -> 0 | F26: ='03'!E34 -> 0 | G26: ='03'!E41 -> 0
C27: D. Community Responsibility | D27: ='03'!F28 -> 0.25 | E27: ='03'!E28 -> 0 | F27: ='03'!E35 -> 0 | G27: ='03'!E42 -> 0
C29: Associate Professors and Full Professor
C31: Name of Faculty | D31: CL | E31: SI | F31: SU | G31: SI | H31: LI | I31: SI | J31: CO | K31: SI | L31: ST | M31: MF | N31: PRODUCT | O31: TOTAL | P31: SI
C32: =TI!DC6 -> , | D32: =(E24*$E$23+F24*$F$23+G24*$G$23)*D24 -> 0 | E32: =STDEVP(E24:G24) -> 0 | F32: =(E25*$E$23+F25*$F$23+G25*$G$23)*D25 -> 0 | G32: =STDEVP(E25:G25) -> 0 | H32: =(E26*$E$23+F26*$F$23+G26*$G$23)*D26 -> 0 | I32: =STDEVP(E26:G26) -> 0 | J32: =(E27*$E$23+F27*$F$23+G27*$G$23)*D27 -> 0 | K32: =STDEVP(E27:G27) -> 0 | L32: =J32+H32+F32+D32 -> 0 | M32: 2 | N32: =M32*L32 -> 0 | O32: =J32+H32+F32+D32 -> 0 | P32: =STDEVP(J32,H32,F32,D32) -> 0
C33: =C32 -> ,
C35: Name of Faculty | D35: Instruction | G35: Research | J35: Extension | M35: Production | P35: TOTAL | Q35: SI
D36: ST | E36: MF | F36: PT | G36: ST | H36: MF | I36: PT | J36: ST | K36: MF | L36: PT | M36: ST | N36: MF | O36: PT
C37: =C32 -> , | D37: ='03'!D22 -> #DIV/0! | E37: 2 | F37: =E37*D37 -> #DIV/0! | G37: ='03'!D29 -> 0 | H37: 3.3333333 | I37: =H37*G37 -> 0 | J37: ='03'!D36 -> 0 | K37: 10 | L37: =K37*J37 -> 0 | M37: ='03'!D43 -> 0 | N37: 10 | O37: =N37*M37 -> 0 | P37: =M37+J37+G37+D37 -> #DIV/0! | Q37: =STDEVP(O37,L37,I37,F37) -> #DIV/0!
C38: =C33 -> ,
